,seqnames,start,end,width,strand,ZAlinkage,chgpt.mean
000000F.1,000000F,1,1462500,1462500,*,Z,1.1008821904671
000000F.2,000000F,1462501,6516000,5053500,*,Z,0.914245751322618
000000F.3,000000F,6516001,6531500,15500,*,Z,2.44282319613974
000000F.4,000000F,6531501,11379500,4848000,*,Z,0.887872835978841
000000F.5,000000F,11379501,11425000,45500,*,Z,1.56875191815906
000000F.6,000000F,11425001,12057500,632500,*,Z,0.809280053792803
000000F.7,000000F,12057501,12557500,500000,*,Autosome,-0.245814454179257
000000F.8,000000F,12557501,12566000,8500,*,Z,1.31586837567802
000000F.9,000000F,12566001,13251500,685500,*,Autosome,-0.0735553203228135
000000F.10,000000F,13251501,13268500,17000,*,Z,1.03464078367978
000000F.11,000000F,13268501,14047500,779000,*,Autosome,-0.176828272457582
000000F.12,000000F,14047501,14244500,197000,*,Autosome,0.128844043255918
000000F.13,000000F,14244501,14250500,6000,*,Z,1.90572680399424
000000F.14,000000F,14250501,14427000,176500,*,Autosome,-0.181991510964243
000000F.15,000000F,14427001,14534500,107500,*,Z,0.588262398445653
000000F.16,000000F,14534501,14546000,11500,*,W,-2.46191394820038
000000F.17,000000F,14546001,14952500,406500,*,Autosome,-0.0724603766562147
000000F.18,000000F,14952501,15590500,638000,*,Autosome,0.285856358817893
000000F.19,000000F,15590501,15679130,88630,*,Z,0.726137786949896
000001F.1,000001F,1,871000,871000,*,Autosome,0.285660854418198
000001F.2,000001F,871001,3156000,2285000,*,Autosome,-0.0422651172155678
000001F.3,000001F,3156001,3162000,6000,*,Z,2.8228934602638
000001F.4,000001F,3162001,4594500,1432500,*,Autosome,-0.119498773545679
000001F.5,000001F,4594501,4600000,5500,*,Z,2.23934574015214
000001F.6,000001F,4600001,7487500,2887500,*,Autosome,-0.0483621107672143
000001F.7,000001F,7487501,7494500,7000,*,Z,1.68328442608815
000001F.8,000001F,7494501,7808500,314000,*,Autosome,-0.187285647714085
000001F.9,000001F,7808501,7855000,46500,*,Autosome,0.510885403427349
000001F.10,000001F,7855001,9188500,1333500,*,Autosome,0.0210182985953905
000001F.11,000001F,9188501,9194000,5500,*,Z,1.78719398165636
000001F.12,000001F,9194001,10020000,826000,*,Autosome,-0.0943792324608425
000001F.13,000001F,10020001,10067500,47500,*,Z,1.79163188282731
000001F.14,000001F,10067501,10077000,9500,*,Autosome,0.298858207597802
000002F.1,000002F,1,17000,17000,*,Z,1.61483377012568
000002F.2,000002F,17001,29500,12500,*,Autosome,-0.140244758678936
000002F.3,000002F,29501,79500,50000,*,Z,1.21963687905114
000002F.4,000002F,79501,738000,658500,*,Autosome,0.212697121604668
000002F.5,000002F,738001,762500,24500,*,Z,1.12626394795497
000002F.6,000002F,762501,3875500,3113000,*,Autosome,0.055645583022014
000002F.7,000002F,3875501,7995500,4120000,*,Autosome,-0.0452221684176885
000002F.8,000002F,7995501,7999500,4000,*,Z,2.48180696387748
000002F.9,000002F,7999501,8708500,709000,*,Autosome,-0.0251015530019913
000002F.10,000002F,8708501,9361500,653000,*,Autosome,0.303068915786913
000002F.11,000002F,9361501,9694000,332500,*,Autosome,-0.0575771916516635
000002F.12,000002F,9694001,9824000,130000,*,Autosome,0.311934965868324
000003F.1,000003F,1,139500,139500,*,Z,0.814674352236186
000003F.2,000003F,139501,2989500,2850000,*,Autosome,-0.0702183149413185
000003F.3,000003F,2989501,2996500,7000,*,Z,1.83452414616182
000003F.4,000003F,2996501,4228500,1232000,*,Autosome,-0.19519458196643
000003F.5,000003F,4228501,4243500,15000,*,Z,1.33182920897902
000003F.6,000003F,4243501,4348500,105000,*,Autosome,-0.262341124102469
000003F.7,000003F,4348501,4355000,6500,*,Z,1.73478275960102
000003F.8,000003F,4355001,5808000,1453000,*,Autosome,-0.16811479327533
000003F.9,000003F,5808001,8189500,2381500,*,Autosome,-0.0593036688723932
000003F.10,000003F,8189501,8208000,18500,*,Z,1.01708970809964
000003F.11,000003F,8208001,8727500,519500,*,Autosome,-0.137126376359525
000003F.12,000003F,8727501,8734000,6500,*,Z,1.73445641827132
000003F.13,000003F,8734001,9567500,833500,*,Autosome,0.0707407027590964
000004F.1,000004F,1,288000,288000,*,Autosome,0.548611959900627
000004F.2,000004F,288001,290500,2500,*,W,-2.19827600526624
000004F.3,000004F,290501,698000,407500,*,Autosome,0.40540886135659
000004F.4,000004F,698001,1716000,1018000,*,Autosome,-0.0836275448427485
000004F.5,000004F,1716001,1719500,3500,*,W,-2.80439422971049
000004F.6,000004F,1719501,1783000,63500,*,Autosome,-0.123728545012156
000004F.7,000004F,1783001,1788500,5500,*,Z,2.15295776919303
000004F.8,000004F,1788501,3999500,2211000,*,Autosome,-0.11826966394312
000004F.9,000004F,3999501,4003500,4000,*,Z,2.44398398706927
000004F.10,000004F,4003501,4212500,209000,*,Autosome,0.179762220061368
000004F.11,000004F,4212501,4424500,212000,*,Autosome,-0.194761843082629
000004F.12,000004F,4424501,4432000,7500,*,Z,1.89699221101356
000004F.13,000004F,4432001,7330500,2898500,*,Autosome,-0.0820856286277651
000004F.14,000004F,7330501,7341000,10500,*,W,-1.36293811305838
000004F.15,000004F,7341001,7698837,357837,*,Autosome,0.0375962915665963
000005F.1,000005F,1,92500,92500,*,Autosome,-0.353756661536529
000005F.2,000005F,92501,98000,5500,*,Z,1.66764370101696
000005F.3,000005F,98001,2003500,1905500,*,Autosome,-0.16129998851757
000005F.4,000005F,2003501,2016000,12500,*,Z,1.36086660773038
000005F.5,000005F,2016001,2045000,29000,*,Autosome,-0.0933076721446575
000005F.6,000005F,2045001,2050500,5500,*,Z,1.89205167575857
000005F.7,000005F,2050501,4769000,2718500,*,Autosome,-0.179800758610127
000005F.8,000005F,4769001,4774500,5500,*,Z,1.96467272592035
000005F.9,000005F,4774501,5223000,448500,*,Autosome,-0.000181958710093224
000005F.10,000005F,5223001,5241500,18500,*,Z,1.02470275268058
000005F.11,000005F,5241501,5363000,121500,*,Autosome,-0.0364844694834707
000005F.12,000005F,5363001,5529000,166000,*,Autosome,0.348286638984051
000005F.13,000005F,5529001,6130500,601500,*,Autosome,-0.149483014151462
000005F.14,000005F,6130501,6760000,629500,*,Autosome,0.111464412901293
000005F.15,000005F,6760001,6821500,61500,*,Z,0.665298471448858
000006F.1,000006F,1,477500,477500,*,Autosome,-0.0142478257783741
000006F.2,000006F,477501,519000,41500,*,W,-1.3219231715462
000006F.3,000006F,519001,2829500,2310500,*,Autosome,-0.0976710905436698
000006F.4,000006F,2829501,2913500,84000,*,Autosome,0.49828482966755
000006F.5,000006F,2913501,4915500,2002000,*,Autosome,-0.0457848338592853
000006F.6,000006F,4915501,5046000,130500,*,Autosome,0.251366754478649
000006F.7,000006F,5046001,5198000,152000,*,Autosome,-0.31231842366063
000006F.8,000006F,5198001,5201000,3000,*,Z,2.22038088620148
000006F.9,000006F,5201001,5315000,114000,*,Autosome,-0.444010658903842
000006F.10,000006F,5315001,6292500,977500,*,Autosome,-0.0288981731280323
000006F.11,000006F,6292501,6533000,240500,*,Autosome,0.381546004402805
000006F.12,000006F,6533001,6537000,4000,*,Z,2.4203343889541
000006F.13,000006F,6537001,6647500,110500,*,Autosome,0.215616267287152
000007F.1,000007F,1,299500,299500,*,Autosome,0.125951312254836
000007F.2,000007F,299501,1557000,1257500,*,Autosome,-0.213806092097709
000007F.3,000007F,1557001,1562500,5500,*,Z,2.15929603711292
000007F.4,000007F,1562501,1919000,356500,*,Autosome,-0.194072673841828
000007F.5,000007F,1919001,1924500,5500,*,Z,2.24234442446219
000007F.6,000007F,1924501,3078000,1153500,*,Autosome,-0.204078924077192
000007F.7,000007F,3078001,3087000,9000,*,Z,1.32041802565916
000007F.8,000007F,3087001,3710500,623500,*,Autosome,-0.084394131876768
000007F.9,000007F,3710501,3722500,12000,*,Z,1.77011352682536
000007F.10,000007F,3722501,4256500,534000,*,Autosome,-0.136345067465377
000007F.11,000007F,4256501,4259000,2500,*,Z,2.5655060291068
000007F.12,000007F,4259001,4445500,186500,*,Autosome,-0.23300043682262
000007F.13,000007F,4445501,4451000,5500,*,Z,1.87622794260252
000007F.14,000007F,4451001,5377000,926000,*,Autosome,-0.1914216653181
000007F.15,000007F,5377001,5440500,63500,*,Autosome,0.385868915804478
000007F.16,000007F,5440501,6074000,633500,*,Autosome,-0.226857484008846
000007F.17,000007F,6074001,6326734,252734,*,Autosome,0.284614309311889
000008F.1,000008F,1,4500,4500,*,Z,1.27258189155296
000008F.2,000008F,4501,215000,210500,*,Autosome,-0.152587451764934
000008F.3,000008F,215001,222000,7000,*,Z,1.78795154328052
000008F.4,000008F,222001,1011000,789000,*,Autosome,-0.108064329061164
000008F.5,000008F,1011001,1018500,7500,*,Z,1.65577929620598
000008F.6,000008F,1018501,2423500,1405000,*,Autosome,-0.228185782819705
000008F.7,000008F,2423501,2429000,5500,*,Z,1.67266269750052
000008F.8,000008F,2429001,4453500,2024500,*,Autosome,-0.240587816499366
000008F.9,000008F,4453501,4578000,124500,*,Autosome,0.126941909834306
000008F.10,000008F,4578001,4585500,7500,*,Z,1.296423499188
000008F.11,000008F,4585501,5318000,732500,*,Autosome,-0.242340939114435
000008F.12,000008F,5318001,5324000,6000,*,Z,1.7170962901271
000008F.13,000008F,5324001,5817500,493500,*,Autosome,-0.239815862770641
000008F.14,000008F,5817501,5827500,10000,*,Z,1.29567410207505
000008F.15,000008F,5827501,6240500,413000,*,Autosome,0.118007747983364
000008F.16,000008F,6240501,6259000,18500,*,Z,1.2564155664195
000008F.17,000008F,6259001,6268000,9000,*,Autosome,-0.511448838540709
000008F.18,000008F,6268001,6302000,34000,*,Z,1.52616469775783
000008F.19,000008F,6302001,6305500,3500,*,Z,3.26264367146186
000008F.20,000008F,6305501,6311000,5500,*,Autosome,-0.205188756834707
000008F.21,000008F,6311001,6318000,7000,*,Z,2.05998900036828
000009F.1,000009F,1,92000,92000,*,Autosome,0.0829482320117318
000009F.2,000009F,92001,96000,4000,*,W,-2.18503255268746
000009F.3,000009F,96001,606000,510000,*,Autosome,0.355560990541016
000009F.4,000009F,606001,1027000,421000,*,Autosome,0.101035105453802
000009F.5,000009F,1027001,1767000,740000,*,Autosome,-0.180068981925706
000009F.6,000009F,1767001,1772500,5500,*,Z,1.9422023367889
000009F.7,000009F,1772501,4334500,2562000,*,Autosome,-0.109118403948366
000009F.8,000009F,4334501,4340000,5500,*,Z,1.62445772105007
000009F.9,000009F,4340001,5274500,934500,*,Autosome,-0.182575758150538
000009F.10,000009F,5274501,5290000,15500,*,Z,1.29415052242487
000009F.11,000009F,5290001,6006500,716500,*,Autosome,-0.230991582395225
000009F.12,000009F,6006501,6013500,7000,*,Z,2.07836005102581
000009F.13,000009F,6013501,6162500,149000,*,Autosome,-0.20344553301629
000010F.1,000010F,1,150500,150500,*,Autosome,0.228592410604253
000010F.2,000010F,150501,543500,393000,*,Autosome,-0.133546223527872
000010F.3,000010F,543501,553000,9500,*,Z,1.65985171483835
000010F.4,000010F,553001,676000,123000,*,Autosome,-0.217658975331125
000010F.5,000010F,676001,697500,21500,*,Z,0.880287555469107
000010F.6,000010F,697501,709500,12000,*,W,-1.50735987743619
000010F.7,000010F,709501,796000,86500,*,Autosome,0.5203867044496
000010F.8,000010F,796001,902500,106500,*,Autosome,-0.372918811518898
000010F.9,000010F,902501,923500,21000,*,Z,0.697151231163564
000010F.10,000010F,923501,2556000,1632500,*,Autosome,-0.109592975633556
000010F.11,000010F,2556001,2561500,5500,*,Z,1.518220601098
000010F.12,000010F,2561501,3002500,441000,*,Autosome,-0.278291480413362
000010F.13,000010F,3002501,3012000,9500,*,Z,1.35207358003251
000010F.14,000010F,3012001,4030500,1018500,*,Autosome,-0.286238236426426
000010F.15,000010F,4030501,5809500,1779000,*,Autosome,-0.133250091641788
000010F.16,000010F,5809501,5936302,126802,*,Autosome,0.512670342671811
000011F.1,000011F,1,369000,369000,*,Autosome,-0.235081929735562
000011F.2,000011F,369001,372000,3000,*,Z,2.20348293705753
000011F.3,000011F,372001,695500,323500,*,Autosome,-0.30948146498184
000011F.4,000011F,695501,707500,12000,*,Z,1.3271774711683
000011F.5,000011F,707501,952500,245000,*,Autosome,-0.28264486906099
000011F.6,000011F,952501,957500,5000,*,Z,1.87177452779727
000011F.7,000011F,957501,4279500,3322000,*,Autosome,-0.145300591666635
000011F.8,000011F,4279501,4689500,410000,*,Autosome,0.0603511639365247
000011F.9,000011F,4689501,4696500,7000,*,Z,2.02710011462829
000011F.10,000011F,4696501,5593000,896500,*,Autosome,0.143512907923603
000011F.11,000011F,5593001,5663000,70000,*,Z,1.0261593548842
000012F.1,000012F,1,191000,191000,*,Autosome,0.142011196598476
000012F.2,000012F,191001,680500,489500,*,Autosome,-0.226359708100764
000012F.3,000012F,680501,703000,22500,*,Autosome,0.491839597409241
000012F.4,000012F,703001,709000,6000,*,Z,2.23614186863052
000012F.5,000012F,709001,814000,105000,*,Autosome,-0.258676240491053
000012F.6,000012F,814001,818500,4500,*,Z,1.92282606449735
000012F.7,000012F,818501,1009000,190500,*,Autosome,-0.315095315371826
000012F.8,000012F,1009001,1024000,15000,*,Z,1.1147435047928
000012F.9,000012F,1024001,1645500,621500,*,Autosome,-0.127014684383171
000012F.10,000012F,1645501,2208500,563000,*,Autosome,0.0603906741451421
000012F.11,000012F,2208501,2268000,59500,*,W,-1.64267712310628
000012F.12,000012F,2268001,2637000,369000,*,Autosome,-0.127874272696338
000012F.13,000012F,2637001,2643500,6500,*,Z,1.97631776736832
000012F.14,000012F,2643501,3065000,421500,*,Autosome,-0.0764917349494054
000012F.15,000012F,3065001,3168500,103500,*,Autosome,0.275299679031569
000012F.16,000012F,3168501,3174000,5500,*,Z,2.09938820208852
000012F.17,000012F,3174001,3554000,380000,*,Autosome,-0.0119364408818226
000012F.18,000012F,3554001,3559000,5000,*,Z,2.17551915183127
000012F.19,000012F,3559001,4633000,1074000,*,Autosome,0.0623278105075865
000012F.20,000012F,4633001,5502500,869500,*,Autosome,-0.0945603752037593
000012F.21,000012F,5502501,5555000,52500,*,Z,0.980726834994552
000014F.1,000014F,1,50000,50000,*,Z,0.838334407112727
000014F.2,000014F,50001,244000,194000,*,Autosome,0.29505865015163
000014F.3,000014F,244001,957500,713500,*,Autosome,-0.127202539220969
000014F.4,000014F,957501,972500,15000,*,Z,1.04166722531263
000014F.5,000014F,972501,3058500,2086000,*,Autosome,-0.104737476447815
000014F.6,000014F,3058501,3064000,5500,*,Z,2.0026829530854
000014F.7,000014F,3064001,5532000,2468000,*,Autosome,-0.15607445586525
000015F.1,000015F,1,163000,163000,*,Autosome,-0.318729996305612
000015F.2,000015F,163001,169000,6000,*,Z,2.37072182314139
000015F.3,000015F,169001,243000,74000,*,Autosome,-0.25902879340277
000015F.4,000015F,243001,287500,44500,*,Autosome,0.44095956240938
000015F.5,000015F,287501,1703500,1416000,*,Autosome,-0.244518784381128
000015F.6,000015F,1703501,1706500,3000,*,Z,2.55213989824699
000015F.7,000015F,1706501,2303000,596500,*,Autosome,-0.0994804424159033
000015F.8,000015F,2303001,2514000,211000,*,Autosome,0.226793202992003
000015F.9,000015F,2514001,2867500,353500,*,Autosome,-0.177881512167265
000015F.10,000015F,2867501,3163000,295500,*,Autosome,0.182621485705138
000015F.11,000015F,3163001,4602000,1439000,*,Autosome,-0.108492795528982
000015F.12,000015F,4602001,4742500,140500,*,Autosome,0.316565042531718
000015F.13,000015F,4742501,4751000,8500,*,Z,1.65234702093345
000015F.14,000015F,4751001,4983500,232500,*,Autosome,0.125538206887246
000015F.15,000015F,4983501,5018500,35000,*,Z,1.16327277606015
000015F.16,000015F,5018501,5513780,495280,*,Autosome,0.0161064836695985
000017F.1,000017F,1,304000,304000,*,Autosome,-0.217207398765914
000017F.2,000017F,304001,310500,6500,*,Z,1.86336115369647
000017F.3,000017F,310501,416000,105500,*,Autosome,-0.359073634553288
000017F.4,000017F,416001,546500,130500,*,Autosome,0.409920033086112
000017F.5,000017F,546501,668000,121500,*,Autosome,-0.301590256824253
000017F.6,000017F,668001,686500,18500,*,Z,0.897028006244667
000017F.7,000017F,686501,755500,69000,*,Autosome,-0.357994164009795
000017F.8,000017F,755501,806500,51000,*,Autosome,0.365086390849204
000017F.9,000017F,806501,1398500,592000,*,Autosome,-0.258785250644271
000017F.10,000017F,1398501,1415500,17000,*,Z,0.85087936143065
000017F.11,000017F,1415501,2005000,589500,*,Autosome,-0.0862240387896975
000017F.12,000017F,2005001,2054500,49500,*,Z,0.590421640800988
000017F.13,000017F,2054501,2416000,361500,*,Autosome,-0.11807462239486
000017F.14,000017F,2416001,3126000,710000,*,Autosome,0.0831159201855572
000017F.15,000017F,3126001,3857000,731000,*,Autosome,-0.224812429152762
000017F.16,000017F,3857001,3868000,11000,*,Z,1.31455715367503
000017F.17,000017F,3868001,4054500,186500,*,Autosome,-0.310884102085954
000017F.18,000017F,4054501,4059000,4500,*,W,-2.26387084099345
000017F.19,000017F,4059001,4410000,351000,*,Autosome,-0.100849998904868
000017F.20,000017F,4410001,4908990,498990,*,Autosome,0.323891021084317
000016F.1,000016F,1,22500,22500,*,Z,1.840503516022
000016F.2,000016F,22501,942000,919500,*,Autosome,0.106202717890984
000016F.3,000016F,942001,2061000,1119000,*,Autosome,-0.19530245859055
000016F.4,000016F,2061001,2067500,6500,*,Z,1.51709469429571
000016F.5,000016F,2067501,3750000,1682500,*,Autosome,-0.142442628065057
000016F.6,000016F,3750001,3755500,5500,*,Z,1.77337015166056
000016F.7,000016F,3755501,4905843,1150343,*,Autosome,-0.15185461131417
000018F.1,000018F,1,139500,139500,*,Z,0.782494490562956
000018F.2,000018F,139501,146000,6500,*,W,-2.44778943456286
000018F.3,000018F,146001,189000,43000,*,Autosome,0.12607866933061
000018F.4,000018F,189001,228500,39500,*,Z,1.14341476301811
000018F.5,000018F,228501,1148500,920000,*,Autosome,0.130382511108113
000018F.6,000018F,1148501,1449500,301000,*,Z,0.665554722014401
000018F.7,000018F,1449501,1453000,3500,*,W,-1.5854491874767
000018F.8,000018F,1453001,1485000,32000,*,Z,0.804231657318412
000018F.9,000018F,1485001,1559000,74000,*,Autosome,-0.196027430100528
000018F.10,000018F,1559001,1583000,24000,*,Z,1.31809918319759
000018F.11,000018F,1583001,1663500,80500,*,Autosome,0.163456406013784
000018F.12,000018F,1663501,1688500,25000,*,W,-0.986539826954795
000018F.13,000018F,1688501,1919000,230500,*,Autosome,-0.0531272275314809
000018F.14,000018F,1919001,1927000,8000,*,W,-1.97619559257324
000018F.15,000018F,1927001,1990000,63000,*,Z,0.766967710899141
000018F.16,000018F,1990001,2015500,25500,*,W,-0.594780264010495
000018F.17,000018F,2015501,2144000,128500,*,Autosome,0.327711953806167
000018F.18,000018F,2144001,2175500,31500,*,W,-1.31236245334744
000018F.19,000018F,2175501,2210500,35000,*,Autosome,0.223048971683655
000018F.20,000018F,2210501,2250000,39500,*,W,-1.1735688108278
000018F.21,000018F,2250001,2277500,27500,*,Autosome,0.258901967261487
000018F.22,000018F,2277501,2308000,30500,*,W,-0.669147345174138
000018F.23,000018F,2308001,2358000,50000,*,Autosome,0.393157380957661
000018F.24,000018F,2358001,2421000,63000,*,W,-1.00396565389456
000018F.25,000018F,2421001,2426500,5500,*,Z,1.97163197009819
000018F.26,000018F,2426501,2455500,29000,*,W,-1.06389586418464
000018F.27,000018F,2455501,2569500,114000,*,Autosome,0.353875571990005
000018F.28,000018F,2569501,2630500,61000,*,W,-1.10341028524994
000018F.29,000018F,2630501,3677000,1046500,*,Autosome,-0.111159361056884
000018F.30,000018F,3677001,3683500,6500,*,Z,2.71984524670717
000018F.31,000018F,3683501,3969000,285500,*,Autosome,-0.0230258271252304
000018F.32,000018F,3969001,4350500,381500,*,Autosome,-0.316946162803048
000018F.33,000018F,4350501,4356500,6000,*,Z,1.87374085179677
000018F.34,000018F,4356501,4862373,505873,*,Autosome,-0.203778457918647
000019F.1,000019F,1,45500,45500,*,Z,0.718401607408493
000019F.2,000019F,45501,484000,438500,*,Autosome,-0.0315174026731397
000019F.3,000019F,484001,590000,106000,*,Autosome,0.392817145528967
000019F.4,000019F,590001,1445000,855000,*,Autosome,-0.0483600019372339
000019F.5,000019F,1445001,1450500,5500,*,Z,1.67883323477857
000019F.6,000019F,1450501,1905000,454500,*,Autosome,-0.198110205587475
000019F.7,000019F,1905001,2246000,341000,*,Autosome,0.112264540196642
000019F.8,000019F,2246001,2328000,82000,*,Autosome,-0.379306988485882
000019F.9,000019F,2328001,2330500,2500,*,Z,2.19019182420586
000019F.10,000019F,2330501,3514500,1184000,*,Autosome,-0.0888132725621743
000019F.11,000019F,3514501,3535500,21000,*,Z,1.63329845158584
000019F.12,000019F,3535501,4368500,833000,*,Autosome,-0.335888690241732
000019F.13,000019F,4368501,4631500,263000,*,Autosome,-0.0228051958938584
000020F.1,000020F,1,354000,354000,*,Autosome,-0.112824107558838
000020F.2,000020F,354001,358500,4500,*,Z,1.93614910380435
000020F.3,000020F,358501,531000,172500,*,Autosome,0.0115651054399453
000020F.4,000020F,531001,1105500,574500,*,Autosome,-0.284866164808682
000020F.5,000020F,1105501,1194500,89000,*,Autosome,0.171876231947424
000020F.6,000020F,1194501,1205000,10500,*,W,-1.56135693702189
000020F.7,000020F,1205001,2658500,1453500,*,Autosome,-0.215176754642373
000020F.8,000020F,2658501,2670500,12000,*,Z,1.07144840407275
000020F.9,000020F,2670501,3009000,338500,*,Autosome,-0.236228353703298
000020F.10,000020F,3009001,3379000,370000,*,Autosome,0.0281851238853812
000020F.11,000020F,3379001,3387000,8000,*,Z,1.23073022745616
000020F.12,000020F,3387001,3634500,247500,*,Autosome,-0.184309890712548
000020F.13,000020F,3634501,3640000,5500,*,Z,2.35975371877578
000020F.14,000020F,3640001,3786000,146000,*,Autosome,-0.0393005621559766
000020F.15,000020F,3786001,3792000,6000,*,Z,2.23106337363051
000020F.16,000020F,3792001,4261000,469000,*,Autosome,-0.178556406626472
000020F.17,000020F,4261001,4586000,325000,*,Autosome,0.226552747164578
000020F.18,000020F,4586001,4606500,20500,*,Z,1.01577340800268
000021F.1,000021F,1,855000,855000,*,Autosome,-0.0524310458470536
000021F.2,000021F,855001,860000,5000,*,Z,2.71760919386082
000021F.3,000021F,860001,2148000,1288000,*,Autosome,-0.114489313520117
000021F.4,000021F,2148001,2165500,17500,*,Z,2.01364291917527
000021F.5,000021F,2165501,2662500,497000,*,Autosome,-0.123504703694199
000021F.6,000021F,2662501,2680000,17500,*,Z,1.00350800249888
000021F.7,000021F,2680001,3153000,473000,*,Autosome,-0.0442776909899419
000021F.8,000021F,3153001,3193000,40000,*,Z,0.718728966361163
000021F.9,000021F,3193001,3406000,213000,*,Autosome,-0.10092462085629
000021F.10,000021F,3406001,3455500,49500,*,Z,0.744757651317622
000021F.11,000021F,3455501,4171000,715500,*,Autosome,-0.116663251994883
000021F.12,000021F,4171001,4178500,7500,*,Z,1.52381986198884
000021F.13,000021F,4178501,4418429,239929,*,Autosome,-0.0550911935860743
000022F.1,000022F,1,1219500,1219500,*,Autosome,-0.0698576813906554
000022F.2,000022F,1219501,1249000,29500,*,Z,0.956048604547632
000022F.3,000022F,1249001,3171500,1922500,*,Autosome,-0.171049226121737
000022F.4,000022F,3171501,3223500,52000,*,Autosome,0.484250374794526
000022F.5,000022F,3223501,3964000,740500,*,Autosome,-0.231705920075214
000022F.6,000022F,3964001,4272000,308000,*,Autosome,0.102399850320737
000022F.7,000022F,4272001,4279889,7889,*,Z,1.83374477572763
000023F.1,000023F,1,1101500,1101500,*,Autosome,-0.0796104883658567
000023F.2,000023F,1101501,1149000,47500,*,Z,0.607312842845331
000023F.3,000023F,1149001,2970500,1821500,*,Autosome,-0.145267777492753
000023F.4,000023F,2970501,2978000,7500,*,Z,1.60853296408095
000023F.5,000023F,2978001,3196000,218000,*,Autosome,-0.0842521122681138
000023F.6,000023F,3196001,3222500,26500,*,Z,0.974246500352879
000023F.7,000023F,3222501,4217214,994714,*,Autosome,-0.202346123106011
000024F.1,000024F,1,428000,428000,*,Autosome,-0.292950765922888
000024F.2,000024F,428001,433500,5500,*,W,-2.48435695359615
000024F.3,000024F,433501,2383000,1949500,*,Autosome,-0.114859938295602
000024F.4,000024F,2383001,2569000,186000,*,Autosome,0.342136770568592
000024F.5,000024F,2569001,3364000,795000,*,Autosome,-0.133627008057549
000024F.6,000024F,3364001,3631000,267000,*,Autosome,0.253874626023271
000024F.7,000024F,3631001,3731500,100500,*,Autosome,-0.10150726680655
000024F.8,000024F,3731501,3736500,5000,*,Z,1.90557243987636
000024F.9,000024F,3736501,3739500,3000,*,W,-1.91924776442147
000024F.10,000024F,3739501,3745000,5500,*,Z,1.97386292847411
000024F.11,000024F,3745001,4069000,324000,*,Autosome,-0.0725344205036045
000024F.12,000024F,4069001,4192500,123500,*,Z,0.6352611014261
000024F.13,000024F,4192501,4199500,7000,*,Z,2.56563067862495
000024F.14,000024F,4199501,4213124,13624,*,Autosome,0.167036728011276
000025F.1,000025F,1,397500,397500,*,Autosome,-0.229658079155425
000025F.2,000025F,397501,402500,5000,*,Z,1.70369313075954
000025F.3,000025F,402501,834000,431500,*,Autosome,-0.116861230983081
000025F.4,000025F,834001,840000,6000,*,Z,2.32165261900946
000025F.5,000025F,840001,2883000,2043000,*,Autosome,0.0144848631535982
000025F.6,000025F,2883001,3427000,544000,*,Autosome,-0.143633830923871
000025F.7,000025F,3427001,3432500,5500,*,Z,1.81977159087444
000025F.8,000025F,3432501,3689000,256500,*,Autosome,-0.271838644574408
000025F.9,000025F,3689001,3718000,29000,*,Autosome,0.572574456641294
000025F.10,000025F,3718001,3872500,154500,*,Autosome,-0.241359283392307
000025F.11,000025F,3872501,4083500,211000,*,Autosome,0.218019165137496
000026F.1,000026F,1,243000,243000,*,Z,0.902503373602692
000026F.2,000026F,243001,248500,5500,*,Z,2.75732598436668
000026F.3,000026F,248501,260000,11500,*,Z,1.13439751610537
000026F.4,000026F,260001,262500,2500,*,W,-1.83240226318337
000026F.5,000026F,262501,861500,599000,*,Z,0.937043147773432
000026F.6,000026F,861501,909500,48000,*,Z,1.70072436851225
000026F.7,000026F,909501,1281500,372000,*,Z,0.958148664095222
000026F.8,000026F,1281501,1311500,30000,*,Z,2.10580121715201
000026F.9,000026F,1311501,2019000,707500,*,Z,1.00019574045235
000026F.10,000026F,2019001,2034500,15500,*,Z,2.41722091764057
000026F.11,000026F,2034501,3117000,1082500,*,Z,0.972001957285463
000026F.12,000026F,3117001,3817500,700500,*,Z,1.16971592783732
000026F.13,000026F,3817501,4046000,228500,*,Z,1.42016944525562
000027F.1,000027F,1,21000,21000,*,Autosome,0.0882404955132658
000027F.2,000027F,21001,50000,29000,*,W,-2.25052377556852
000027F.3,000027F,50001,112000,62000,*,Autosome,0.472755973147103
000027F.4,000027F,112001,1646500,1534500,*,Autosome,-0.162087809898664
000027F.5,000027F,1646501,1666000,19500,*,Z,0.964254061397462
000027F.6,000027F,1666001,3384000,1718000,*,Autosome,-0.0629378807853994
000027F.7,000027F,3384001,3391500,7500,*,Z,2.01546110437388
000027F.8,000027F,3391501,3789500,398000,*,Autosome,-0.143010896697695
000027F.9,000027F,3789501,3833500,44000,*,Autosome,0.332231547485525
000027F.10,000027F,3833501,3839500,6000,*,Z,2.67587148018847
000027F.11,000027F,3839501,3882472,42972,*,Z,0.669073457187616
000028F.1,000028F,1,566000,566000,*,Autosome,-0.00902613845076599
000028F.2,000028F,566001,588500,22500,*,Z,0.72798142284003
000028F.3,000028F,588501,594500,6000,*,Z,2.68942598761541
000028F.4,000028F,594501,1393000,798500,*,Autosome,-0.165105738543458
000028F.5,000028F,1393001,1402000,9000,*,Z,1.62324187584887
000028F.6,000028F,1402001,1570500,168500,*,Autosome,-0.355142137439392
000028F.7,000028F,1570501,1648000,77500,*,Autosome,0.252437767782266
000028F.8,000028F,1648001,1787000,139000,*,Autosome,-0.234243914248306
000028F.9,000028F,1787001,1859500,72500,*,Z,0.821165061790908
000028F.10,000028F,1859501,2011000,151500,*,Autosome,-0.0675318952168363
000028F.11,000028F,2011001,2108000,97000,*,Autosome,0.384213657463005
000028F.12,000028F,2108001,2531000,423000,*,Autosome,-0.211888382468119
000028F.13,000028F,2531001,3074500,543500,*,Autosome,0.0263139137077069
000028F.14,000028F,3074501,3097500,23000,*,Z,0.888157601993052
000028F.15,000028F,3097501,3572500,475000,*,Autosome,-0.131079792185231
000028F.16,000028F,3572501,3578000,5500,*,Z,1.987708120616
000028F.17,000028F,3578001,3670500,92500,*,Autosome,0.0166858368444013
000028F.18,000028F,3670501,3697823,27323,*,Z,0.907405510753958
000029F.1,000029F,1,1011000,1011000,*,Autosome,-0.0720564490057848
000029F.2,000029F,1011001,1021500,10500,*,Z,1.35668744773538
000029F.3,000029F,1021501,3090000,2068500,*,Autosome,-0.0849771442606507
000029F.4,000029F,3090001,3095500,5500,*,Z,1.69374177235927
000029F.5,000029F,3095501,3675000,579500,*,Autosome,-0.121427978546505
000030F.1,000030F,1,14000,14000,*,Z,1.46170497639345
000030F.2,000030F,14001,18000,4000,*,W,-1.1235887550941
000030F.3,000030F,18001,263000,245000,*,Autosome,0.504978041147546
000030F.4,000030F,263001,272500,9500,*,Z,2.07992378467531
000030F.5,000030F,272501,616000,343500,*,Autosome,0.289152542389435
000030F.6,000030F,616001,624000,8000,*,Z,1.64633624580187
000030F.7,000030F,624001,1285500,661500,*,Autosome,0.0725451251881482
000030F.8,000030F,1285501,1809000,523500,*,Autosome,-0.227561044582004
000030F.9,000030F,1809001,2867500,1058500,*,Autosome,0.00824959275936403
000030F.10,000030F,2867501,3603769,736269,*,Autosome,0.266059651800172
000031F.1,000031F,1,1285500,1285500,*,Autosome,-0.175755258105666
000031F.2,000031F,1285501,1290000,4500,*,Z,2.01494405459987
000031F.3,000031F,1290001,2264500,974500,*,Autosome,-0.0339739178383053
000031F.4,000031F,2264501,2298000,33500,*,Z,0.918475909849354
000031F.5,000031F,2298001,2671000,373000,*,Autosome,-0.0556683066902416
000031F.6,000031F,2671001,3456000,785000,*,Autosome,0.15766856583816
000034F.1,000034F,1,17500,17500,*,Z,0.903770721879896
000034F.2,000034F,17501,240000,222500,*,Autosome,0.0824853231426347
000034F.3,000034F,240001,269000,29000,*,Z,0.897488046945527
000034F.4,000034F,269001,578000,309000,*,Autosome,0.0509353845826561
000034F.5,000034F,578001,2913500,2335500,*,Autosome,-0.197151943428549
000034F.6,000034F,2913501,2930000,16500,*,W,-1.14968528100674
000034F.7,000034F,2930001,2944500,14500,*,Z,1.47378399473954
000034F.8,000034F,2944501,2966000,21500,*,Autosome,-0.415659058102053
000034F.9,000034F,2966001,2984000,18000,*,Z,0.936868840002365
000034F.10,000034F,2984001,3323500,339500,*,Autosome,-0.178475221223653
000033F.1,000033F,1,623000,623000,*,Autosome,-0.180179515955745
000033F.2,000033F,623001,633000,10000,*,Z,1.32080019184857
000033F.3,000033F,633001,657500,24500,*,Autosome,-0.13592575652323
000033F.4,000033F,657501,664500,7000,*,Z,1.72646940901795
000033F.5,000033F,664501,924000,259500,*,Autosome,-0.412824213880892
000033F.6,000033F,924001,1420000,496000,*,Autosome,-0.0723500384828914
000033F.7,000033F,1420001,1426000,6000,*,Z,1.50840762585639
000033F.8,000033F,1426001,2348500,922500,*,Autosome,-0.190179503325
000033F.9,000033F,2348501,2351500,3000,*,Z,2.81323030173838
000033F.10,000033F,2351501,2708000,356500,*,Autosome,-0.190028433933333
000033F.11,000033F,2708001,2714500,6500,*,Z,1.96132127323166
000033F.12,000033F,2714501,3203500,489000,*,Autosome,-0.0861052496811629
000033F.13,000033F,3203501,3320395,116895,*,Autosome,0.538711245419518
000035F.1,000035F,1,12000,12000,*,Z,1.85918442720505
000035F.2,000035F,12001,103000,91000,*,Z,0.672678908561821
000035F.3,000035F,103001,626500,523500,*,Autosome,0.293451299953648
000035F.4,000035F,626501,630500,4000,*,Z,2.38972424577953
000035F.5,000035F,630501,840500,210000,*,Autosome,0.248015913847906
000035F.6,000035F,840501,2209000,1368500,*,Autosome,0.00277630539672994
000035F.7,000035F,2209001,2260500,51500,*,Z,0.669791571001754
000035F.8,000035F,2260501,3106000,845500,*,Autosome,0.0953075591753145
000035F.9,000035F,3106001,3296374,190374,*,Autosome,0.511101938118936
000036F.1,000036F,1,120500,120500,*,Autosome,0.540015766153151
000036F.2,000036F,120501,613500,493000,*,Autosome,0.159785850492668
000036F.3,000036F,613501,788000,174500,*,Autosome,-0.122164793994047
000036F.4,000036F,788001,794000,6000,*,Z,1.74186408201729
000036F.5,000036F,794001,1166000,372000,*,Autosome,-0.233950643763627
000036F.6,000036F,1166001,1501000,335000,*,Autosome,0.0898556635676815
000036F.7,000036F,1501001,1519500,18500,*,W,-0.99999356267341
000036F.8,000036F,1519501,1544000,24500,*,Z,0.766425111290387
000036F.9,000036F,1544001,2255000,711000,*,Autosome,-0.150923907206504
000036F.10,000036F,2255001,2340500,85500,*,Autosome,-0.539308086126177
000036F.11,000036F,2340501,2348000,7500,*,Z,1.92126434459263
000036F.12,000036F,2348001,2955000,607000,*,Autosome,-0.256334438364509
000036F.13,000036F,2955001,2964500,9500,*,Z,1.60474437065177
000036F.14,000036F,2964501,3218500,254000,*,Autosome,-0.184547962127585
000036F.15,000036F,3218501,3251000,32500,*,Z,0.782337725993266
000037F.1,000037F,1,12500,12500,*,Z,1.33441783232904
000037F.2,000037F,12501,23500,11000,*,Autosome,-0.311270821367714
000037F.3,000037F,23501,50500,27000,*,Z,1.36429472148679
000037F.4,000037F,50501,353500,303000,*,Autosome,0.306179298444046
000037F.5,000037F,353501,389000,35500,*,W,-0.898118595459626
000037F.6,000037F,389001,1370500,981500,*,Autosome,0.202335669808201
000037F.7,000037F,1370501,1389000,18500,*,Z,1.91160679856883
000037F.8,000037F,1389001,1523000,134000,*,Autosome,0.0732471418280152
000037F.9,000037F,1523001,1530500,7500,*,Z,2.49090292489401
000037F.10,000037F,1530501,1583500,53000,*,Z,1.06560378832871
000037F.11,000037F,1583501,1663000,79500,*,Autosome,0.224165339731365
000037F.12,000037F,1663001,1670000,7000,*,Z,1.57615281045635
000037F.13,000037F,1670001,1720000,50000,*,Autosome,-0.44636102548477
000037F.14,000037F,1720001,2560000,840000,*,Autosome,0.183953484635353
000037F.15,000037F,2560001,2604500,44500,*,Z,0.936381950858153
000037F.16,000037F,2604501,2779000,174500,*,Autosome,0.187507134622516
000037F.17,000037F,2779001,2826500,47500,*,Z,0.988538508412072
000037F.18,000037F,2826501,3245966,419466,*,Autosome,0.448245638294419
000038F.1,000038F,1,71000,71000,*,Autosome,-0.116858513995412
000038F.2,000038F,71001,82000,11000,*,Z,1.23189590728105
000038F.3,000038F,82001,596500,514500,*,Autosome,-0.0430901877692619
000038F.4,000038F,596501,604000,7500,*,Z,1.67807265507926
000038F.5,000038F,604001,986500,382500,*,Autosome,-0.244618823836772
000038F.6,000038F,986501,2877000,1890500,*,Autosome,-0.0132792096316519
000038F.7,000038F,2877001,2883500,6500,*,Z,1.9711949996164
000038F.8,000038F,2883501,3200000,316500,*,Autosome,-0.155348709363216
000038F.9,000038F,3200001,3223000,23000,*,Z,1.71225773242345
000041F.1,000041F,1,8000,8000,*,Z,0.919845057660641
000041F.2,000041F,8001,150500,142500,*,Autosome,-0.382495287451763
000041F.3,000041F,150501,182000,31500,*,Z,0.694215946783549
000041F.4,000041F,182001,363500,181500,*,Autosome,-0.054340337452219
000041F.5,000041F,363501,369000,5500,*,Z,1.69768728691223
000041F.6,000041F,369001,3140250,2771250,*,Autosome,-0.134001941519927
000040F.1,000040F,1,547000,547000,*,Autosome,-0.19247953648568
000040F.2,000040F,547001,597500,50500,*,Z,0.695054852724217
000040F.3,000040F,597501,1240500,643000,*,Autosome,-0.227856174209443
000040F.4,000040F,1240501,1244500,4000,*,Z,2.24762600539796
000040F.5,000040F,1244501,2204500,960000,*,Autosome,-0.1370503119069
000040F.6,000040F,2204501,2210500,6000,*,Z,1.98957921760692
000040F.7,000040F,2210501,3137000,926500,*,Autosome,-0.159206042561854
000042F.1,000042F,1,744500,744500,*,Autosome,0.0332616922568603
000042F.2,000042F,744501,753000,8500,*,Z,1.35463750236923
000042F.3,000042F,753001,934500,181500,*,Autosome,0.314076626796421
000042F.4,000042F,934501,1306000,371500,*,Autosome,-0.148776235857959
000042F.5,000042F,1306001,1311000,5000,*,Z,1.79025638844872
000042F.6,000042F,1311001,2838500,1527500,*,Autosome,-0.088933144901162
000042F.7,000042F,2838501,2841000,2500,*,Z,2.89645683346386
000042F.8,000042F,2841001,3045500,204500,*,Autosome,-0.262732246192943
000043F.1,000043F,1,1006000,1006000,*,Autosome,-0.0815822063194084
000043F.2,000043F,1006001,1010500,4500,*,Z,2.14574168304938
000043F.3,000043F,1010501,1171500,161000,*,Autosome,-0.11095358283398
000043F.4,000043F,1171501,1397500,226000,*,Autosome,0.27225001231101
000043F.5,000043F,1397501,2173500,776000,*,Autosome,-0.101737587504469
000043F.6,000043F,2173501,2227500,54000,*,Autosome,0.581265732369474
000043F.7,000043F,2227501,2304500,77000,*,Autosome,-0.149418879977871
000043F.8,000043F,2304501,3045500,741000,*,Autosome,0.484091875946977
000044F.1,000044F,1,12000,12000,*,Z,2.09099967263594
000044F.2,000044F,12001,648000,636000,*,Autosome,0.556435238285123
000044F.3,000044F,648001,1858000,1210000,*,Autosome,0.0111403831684797
000044F.4,000044F,1858001,2412000,554000,*,Autosome,-0.186985598857812
000044F.5,000044F,2412001,2703000,291000,*,Autosome,0.0680427782756117
000044F.6,000044F,2703001,2707500,4500,*,Z,2.15946026769225
000044F.7,000044F,2707501,2930218,222718,*,Autosome,-0.299619304769406
000045F.1,000045F,1,277500,277500,*,Autosome,0.458690122779875
000045F.2,000045F,277501,1095500,818000,*,Autosome,-0.121088039093694
000045F.3,000045F,1095501,1116500,21000,*,Z,0.905210484416154
000045F.4,000045F,1116501,1386500,270000,*,Autosome,-0.245821784011933
000045F.5,000045F,1386501,1390000,3500,*,Z,2.27263093062676
000045F.6,000045F,1390001,1727000,337000,*,Autosome,-0.233924318473081
000045F.7,000045F,1727001,2300000,573000,*,Autosome,0.111726535558077
000045F.8,000045F,2300001,2316000,16000,*,W,-1.19085123070746
000045F.9,000045F,2316001,2417500,101500,*,Autosome,0.14552347210022
000045F.10,000045F,2417501,2811500,394000,*,Autosome,-0.26074718561116
000045F.11,000045F,2811501,2821000,9500,*,Z,1.4323162544376
000045F.12,000045F,2821001,2908000,87000,*,Autosome,-0.101818883529897
000046F.1,000046F,1,742000,742000,*,Autosome,-0.240892350748075
000046F.2,000046F,742001,1221000,479000,*,Autosome,-0.0263183630886222
000046F.3,000046F,1221001,1251000,30000,*,Z,0.726122086695727
000046F.4,000046F,1251001,1586000,335000,*,Autosome,-0.147484293269262
000046F.5,000046F,1586001,1604500,18500,*,W,-1.1442941177546
000046F.6,000046F,1604501,2837000,1232500,*,Autosome,-0.163364704296095
000047F.1,000047F,1,1411500,1411500,*,Autosome,-0.0259863771738776
000047F.2,000047F,1411501,1818500,407000,*,Autosome,-0.204423251472654
000047F.3,000047F,1818501,1826000,7500,*,Z,1.82160903614053
000047F.4,000047F,1826001,2109500,283500,*,Autosome,-0.320086262237406
000047F.5,000047F,2109501,2114500,5000,*,Z,2.35974085547413
000047F.6,000047F,2114501,2536000,421500,*,Autosome,-0.208459816713163
000047F.7,000047F,2536001,2663000,127000,*,Autosome,0.277382446315014
000047F.8,000047F,2663001,2670000,7000,*,W,-1.42527544782951
000047F.9,000047F,2670001,2816407,146407,*,Autosome,0.339118788231076
000048F.1,000048F,1,587000,587000,*,Autosome,-0.101092252786157
000048F.2,000048F,587001,925000,338000,*,Autosome,0.102264922930234
000048F.3,000048F,925001,2560500,1635500,*,Autosome,-0.167884183565321
000048F.4,000048F,2560501,2600000,39500,*,W,-0.995759843891921
000048F.5,000048F,2600001,2610000,10000,*,Z,1.28557350170801
000048F.6,000048F,2610001,2805500,195500,*,Autosome,-0.123514357289968
000049F.1,000049F,1,86000,86000,*,Autosome,0.33748476629619
000049F.2,000049F,86001,617000,531000,*,Autosome,-0.0796299626503338
000049F.3,000049F,617001,624500,7500,*,W,-2.10658556043684
000049F.4,000049F,624501,731500,107000,*,Autosome,-0.247046546404815
000049F.5,000049F,731501,751000,19500,*,W,-1.07452764354884
000049F.6,000049F,751001,846000,95000,*,Autosome,0.372502615154326
000049F.7,000049F,846001,1394500,548500,*,Autosome,-0.131525706171992
000049F.8,000049F,1394501,1432000,37500,*,Z,0.893648344061191
000049F.9,000049F,1432001,1788500,356500,*,Autosome,-0.17948693374619
000049F.10,000049F,1788501,1794000,5500,*,Z,1.89970354754791
000049F.11,000049F,1794001,2494500,700500,*,Autosome,-0.075894253126846
000049F.12,000049F,2494501,2499000,4500,*,Z,2.11740417164076
000049F.13,000049F,2499001,2754445,255445,*,Autosome,-0.197665646541887
000050F.1,000050F,1,467500,467500,*,Autosome,0.0286083156357332
000050F.2,000050F,467501,480000,12500,*,Z,1.2146529064361
000050F.3,000050F,480001,1419000,939000,*,Autosome,-0.0858165353353265
000050F.4,000050F,1419001,1447000,28000,*,W,-0.816221795725221
000050F.5,000050F,1447001,1492000,45000,*,Autosome,0.378026066008452
000050F.6,000050F,1492001,2165500,673500,*,Autosome,-0.293513634493407
000050F.7,000050F,2165501,2712418,546918,*,Autosome,-0.0659781561334445
000051F.1,000051F,1,41000,41000,*,Z,0.722320349723266
000051F.2,000051F,41001,146000,105000,*,W,-0.785119905813484
000051F.3,000051F,146001,268000,122000,*,Autosome,0.580746446127557
000051F.4,000051F,268001,310000,42000,*,Autosome,-0.208154372182487
000051F.5,000051F,310001,312500,2500,*,W,-3.37946215562687
000051F.6,000051F,312501,322500,10000,*,W,-1.18331024404138
000051F.7,000051F,322501,328500,6000,*,Z,1.8855355750981
000051F.8,000051F,328501,353000,24500,*,W,-0.616728823173836
000051F.9,000051F,353001,373500,20500,*,Autosome,0.408016117606531
000051F.10,000051F,373501,405500,32000,*,W,-1.06095798837962
000051F.11,000051F,405501,423000,17500,*,Z,0.684071406674831
000051F.12,000051F,423001,529500,106500,*,Autosome,-0.212126177895946
000051F.13,000051F,529501,544500,15000,*,Z,1.25736861677326
000051F.14,000051F,544501,595500,51000,*,Autosome,0.0550571228441139
000051F.15,000051F,595501,690000,94500,*,W,-0.78299979339371
000051F.16,000051F,690001,697500,7500,*,Z,1.124928448647
000051F.17,000051F,697501,1994000,1296500,*,Autosome,-0.0728085639361908
000051F.18,000051F,1994001,2041500,47500,*,Autosome,0.425234063327289
000051F.19,000051F,2041501,2516470,474970,*,Autosome,-0.274516197396869
000052F.1,000052F,1,1852000,1852000,*,Autosome,-0.0433159155643095
000052F.2,000052F,1852001,1982000,130000,*,Autosome,0.434572037627724
000052F.3,000052F,1982001,2401987,419987,*,Autosome,0.0674594408685244
000053F.1,000053F,1,111000,111000,*,Z,1.23693175173802
000053F.2,000053F,111001,117000,6000,*,W,-1.13103374921229
000053F.3,000053F,117001,127000,10000,*,Z,1.63177936404051
000053F.4,000053F,127001,283500,156500,*,Autosome,0.518578734397502
000053F.5,000053F,283501,303500,20000,*,Z,1.71669620047593
000053F.6,000053F,303501,468500,165000,*,Z,0.622115423220959
000053F.7,000053F,468501,850000,381500,*,Autosome,0.12439603395412
000053F.8,000053F,850001,1052000,202000,*,Autosome,0.403721309834093
000053F.9,000053F,1052001,1750500,698500,*,Autosome,0.00219782423392966
000053F.10,000053F,1750501,1771500,21000,*,Z,1.02328025537219
000053F.11,000053F,1771501,2280000,508500,*,Autosome,-0.161677769578907
000053F.12,000053F,2280001,2284000,4000,*,Z,2.46387548412705
000053F.13,000053F,2284001,2323000,39000,*,Autosome,0.0616026632735704
000054F.1,000054F,1,615000,615000,*,Autosome,0.446934195023547
000054F.2,000054F,615001,638000,23000,*,W,-1.32050275845885
000054F.3,000054F,638001,899500,261500,*,Autosome,0.232817525462077
000054F.4,000054F,899501,906000,6500,*,Z,2.32998876851682
000054F.5,000054F,906001,1163500,257500,*,Autosome,0.277780040658875
000054F.6,000054F,1163501,1174500,11000,*,Z,1.72048141134749
000054F.7,000054F,1174501,2297176,1122676,*,Autosome,0.193913131266194
000055F.1,000055F,1,125500,125500,*,Autosome,0.146530012865555
000055F.2,000055F,125501,541500,416000,*,Autosome,-0.176106052125926
000055F.3,000055F,541501,547000,5500,*,Z,1.99372117656452
000055F.4,000055F,547001,847000,300000,*,Autosome,-0.153775734044903
000055F.5,000055F,847001,855000,8000,*,Z,1.53182845391664
000055F.6,000055F,855001,1518500,663500,*,Autosome,0.118833160373325
000055F.7,000055F,1518501,1551000,32500,*,Z,1.13855964535154
000055F.8,000055F,1551001,2004500,453500,*,Autosome,0.154021696529787
000055F.9,000055F,2004501,2214000,209500,*,Autosome,0.511346274059167
000056F.1,000056F,1,286000,286000,*,Autosome,-0.1733937178858
000056F.2,000056F,286001,292000,6000,*,Z,2.23042646057253
000056F.3,000056F,292001,322500,30500,*,Autosome,-0.270267133244511
000056F.4,000056F,322501,355500,33000,*,Z,0.823308658030777
000056F.5,000056F,355501,1534000,1178500,*,Autosome,-0.0233602823227913
000056F.6,000056F,1534001,1632000,98000,*,Z,0.613798558217902
000056F.7,000056F,1632001,1833000,201000,*,Autosome,0.0792349889174768
000056F.8,000056F,1833001,1872500,39500,*,Z,0.790753197441778
000056F.9,000056F,1872501,2200920,328420,*,Autosome,0.16894406667863
000057F.1,000057F,1,221000,221000,*,Autosome,0.135254196041509
000057F.2,000057F,221001,226500,5500,*,Z,2.32452346710626
000057F.3,000057F,226501,2176000,1949500,*,Autosome,-0.170411847092443
000058F.1,000058F,1,1213500,1213500,*,Autosome,-0.138304569084117
000058F.2,000058F,1213501,1221000,7500,*,Z,1.49833304795334
000058F.3,000058F,1221001,1422500,201500,*,Autosome,0.0648209205801906
000058F.4,000058F,1422501,1450500,28000,*,Z,0.947277106655942
000058F.5,000058F,1450501,1627000,176500,*,Autosome,0.201646960051454
000058F.6,000058F,1627001,1978500,351500,*,Autosome,-0.127827360461276
000058F.7,000058F,1978501,2159238,180738,*,Autosome,0.24963591058571
000059F.1,000059F,1,428000,428000,*,Autosome,0.0909537171744285
000059F.2,000059F,428001,467000,39000,*,Z,0.81670620395554
000059F.3,000059F,467001,1740500,1273500,*,Autosome,-0.0836385584446933
000059F.4,000059F,1740501,1944000,203500,*,Autosome,0.383009883183172
000060F.1,000060F,1,21500,21500,*,Z,0.747393515573793
000060F.2,000060F,21501,196500,175000,*,Autosome,0.0898009408547368
000060F.3,000060F,196501,250500,54000,*,Z,1.00912993023047
000060F.4,000060F,250501,394500,144000,*,Autosome,0.403143144814057
000060F.5,000060F,394501,403000,8500,*,Z,1.51044674175594
000060F.6,000060F,403001,869000,466000,*,Autosome,-0.0209608822962092
000060F.7,000060F,869001,890000,21000,*,Z,1.06471832063796
000060F.8,000060F,890001,1192000,302000,*,Autosome,-0.0720165259606362
000060F.9,000060F,1192001,1197500,5500,*,Z,1.85958160018186
000060F.10,000060F,1197501,1538000,340500,*,Autosome,-0.0649655392426769
000060F.11,000060F,1538001,1680000,142000,*,Autosome,0.357974702058738
000060F.12,000060F,1680001,1933769,253769,*,Autosome,-0.226760606831693
000061F.1,000061F,1,65000,65000,*,Autosome,-0.110829321543878
000061F.2,000061F,65001,71000,6000,*,Z,1.29303108663117
000061F.3,000061F,71001,99500,28500,*,W,-0.798085397060065
000061F.4,000061F,99501,105000,5500,*,Z,2.47827872238015
000061F.5,000061F,105001,1477500,1372500,*,Autosome,-0.193377268387943
000061F.6,000061F,1477501,1882000,404500,*,Autosome,0.0640481784864438
000062F.1,000062F,1,7000,7000,*,Z,1.78577169541684
000062F.2,000062F,7001,35000,28000,*,Autosome,0.189882227873687
000062F.3,000062F,35001,74500,39500,*,Z,1.21418614915849
000062F.4,000062F,74501,169000,94500,*,Autosome,0.334948747952762
000062F.5,000062F,169001,177500,8500,*,Z,1.53234882773239
000062F.6,000062F,177501,310000,132500,*,Autosome,0.054753832049626
000062F.7,000062F,310001,326500,16500,*,W,-0.992530072456682
000062F.8,000062F,326501,376500,50000,*,Autosome,0.467579622330608
000062F.9,000062F,376501,386500,10000,*,W,-1.04644732129248
000062F.10,000062F,386501,396000,9500,*,Z,1.21000425483308
000062F.11,000062F,396001,1113500,717500,*,Autosome,0.215021422991644
000062F.12,000062F,1113501,1140500,27000,*,Z,1.05734221247927
000062F.13,000062F,1140501,1337500,197000,*,Autosome,0.309741286756309
000062F.14,000062F,1337501,1367500,30000,*,Z,1.14963191382407
000062F.15,000062F,1367501,1580000,212500,*,Autosome,0.344401272438913
000062F.16,000062F,1580001,1584000,4000,*,Z,2.27155807118123
000062F.17,000062F,1584001,1817258,233258,*,Z,0.63168753039804
000065F.1,000065F,1,1480000,1480000,*,Autosome,-0.0459988212177035
000065F.2,000065F,1480001,1489000,9000,*,Z,1.37557801565129
000065F.3,000065F,1489001,1795000,306000,*,Autosome,-0.129580239931956
000065F.4,000065F,1795001,1801000,6000,*,Z,2.25154216412304
000065F.5,000065F,1801001,1809500,8500,*,Autosome,0.207288942559069
000063F.1,000063F,1,161500,161500,*,Z,0.738102813094524
000063F.2,000063F,161501,537500,376000,*,Autosome,0.268014493286346
000063F.3,000063F,537501,553000,15500,*,Z,1.01351941608826
000063F.4,000063F,553001,751500,198500,*,Autosome,-0.0224481190831032
000063F.5,000063F,751501,771500,20000,*,Z,0.976265942175739
000063F.6,000063F,771501,1122000,350500,*,Autosome,0.229441543689644
000063F.7,000063F,1122001,1794955,672955,*,Autosome,-0.126858578747015
000064F.1,000064F,1,114500,114500,*,Autosome,0.225250428347034
000064F.2,000064F,114501,308500,194000,*,Autosome,-0.173444493922046
000064F.3,000064F,308501,311000,2500,*,Z,2.75671067634244
000064F.4,000064F,311001,1042000,731000,*,Autosome,-0.00253758004456801
000064F.5,000064F,1042001,1045500,3500,*,W,-1.89074026428841
000064F.6,000064F,1045501,1050500,5000,*,Z,1.40209227708066
000064F.7,000064F,1050501,1071000,20500,*,W,-1.14762603492109
000064F.8,000064F,1071001,1564000,493000,*,Autosome,-0.15381003878625
000064F.9,000064F,1564001,1574500,10500,*,Z,1.73626520827934
000064F.10,000064F,1574501,1605500,31000,*,W,-0.603258839459629
000064F.11,000064F,1605501,1616500,11000,*,Z,1.22133214314542
000064F.12,000064F,1616501,1721978,105478,*,Autosome,-0.126882050354761
000066F.1,000066F,1,487000,487000,*,Autosome,-0.00235574001721887
000066F.2,000066F,487001,493000,6000,*,Z,2.56133666777075
000066F.3,000066F,493001,1506500,1013500,*,Autosome,-0.0278741974087397
000066F.4,000066F,1506501,1542000,35500,*,Z,1.24873962466276
000066F.5,000066F,1542001,1712500,170500,*,Z,0.643776632798797
000067F.1,000067F,1,409500,409500,*,Autosome,-0.124225661916045
000067F.2,000067F,409501,430500,21000,*,Z,0.673350220753462
000067F.3,000067F,430501,679000,248500,*,Autosome,-0.324450713218942
000067F.4,000067F,679001,685500,6500,*,Z,1.15340039667407
000067F.5,000067F,685501,1544500,859000,*,Autosome,-0.0350961780531146
000067F.6,000067F,1544501,1563500,19000,*,Z,1.57421746044798
000067F.7,000067F,1563501,1577000,13500,*,Autosome,0.323608831688605
000067F.8,000067F,1577001,1617000,40000,*,Z,2.03257719415159
000067F.9,000067F,1617001,1657000,40000,*,Z,1.1970223158709
000067F.10,000067F,1657001,1668000,11000,*,Z,2.44692375490453
000067F.11,000067F,1668001,1672000,4000,*,Autosome,-0.125831990692229
000069F.1,000069F,1,516000,516000,*,Autosome,-0.082302048316267
000069F.2,000069F,516001,743000,227000,*,Autosome,0.2679322847721
000069F.3,000069F,743001,1591500,848500,*,Autosome,-0.165179404806509
000069F.4,000069F,1591501,1671000,79500,*,Autosome,0.286550487261725
000068F.1,000068F,1,39500,39500,*,Autosome,0.464455681300524
000068F.2,000068F,39501,42500,3000,*,W,-1.50521218009904
000068F.3,000068F,42501,138000,95500,*,Z,1.59917267541067
000068F.4,000068F,138001,280500,142500,*,Autosome,0.0858878893477879
000068F.5,000068F,280501,305000,24500,*,Z,1.55537523620195
000068F.6,000068F,305001,1105500,800500,*,Autosome,0.239167615119621
000068F.7,000068F,1105501,1263000,157500,*,Autosome,-0.0382845211134481
000068F.8,000068F,1263001,1308500,45500,*,Z,0.820378638418358
000068F.9,000068F,1308501,1582000,273500,*,Autosome,0.181197910838141
000068F.10,000068F,1582001,1666383,84383,*,Z,0.687315173221029
000071F.1,000071F,1,644000,644000,*,Autosome,0.0176200006512507
000071F.2,000071F,644001,715000,71000,*,Autosome,-0.40073543560055
000071F.3,000071F,715001,739500,24500,*,Z,0.760973570146509
000071F.4,000071F,739501,1176500,437000,*,Autosome,-0.068916501624565
000071F.5,000071F,1176501,1184500,8000,*,Z,2.03259817548116
000071F.6,000071F,1184501,1650000,465500,*,Autosome,-0.20855202185377
000070F.1,000070F,1,112000,112000,*,Z,0.725521594638061
000070F.2,000070F,112001,345500,233500,*,Autosome,0.333465349649661
000070F.3,000070F,345501,1358000,1012500,*,Autosome,-0.0622603103974138
000070F.4,000070F,1358001,1453000,95000,*,W,-0.595711167209075
000070F.5,000070F,1453001,1637000,184000,*,Autosome,-0.0336386642659906
000072F.1,000072F,1,27000,27000,*,Autosome,0.0455421635670278
000072F.2,000072F,27001,48500,21500,*,W,-1.81253902038001
000072F.3,000072F,48501,145000,96500,*,Autosome,-0.45059197829286
000072F.4,000072F,145001,1177000,1032000,*,Autosome,-0.0387855106840151
000072F.5,000072F,1177001,1294000,117000,*,Autosome,-0.364482467802503
000072F.6,000072F,1294001,1296500,2500,*,Z,2.42887837137835
000072F.7,000072F,1296501,1622482,325982,*,Autosome,-0.262686712748468
000074F.1,000074F,1,206500,206500,*,Autosome,-0.143950117614463
000074F.2,000074F,206501,211000,4500,*,Z,2.38564601140128
000074F.3,000074F,211001,338000,127000,*,Autosome,-0.242594111487653
000074F.4,000074F,338001,351000,13000,*,W,-1.65013067536245
000074F.5,000074F,351001,656000,305000,*,Autosome,-0.204329226326819
000074F.6,000074F,656001,1144500,488500,*,Autosome,0.0808523546180941
000074F.7,000074F,1144501,1554500,410000,*,Autosome,0.532052267849415
000075F.1,000075F,1,327500,327500,*,Autosome,-0.102040361922345
000075F.2,000075F,327501,331000,3500,*,W,-2.38237025653669
000075F.3,000075F,331001,662000,331000,*,Autosome,-0.00849551539096526
000075F.4,000075F,662001,667000,5000,*,Z,2.42866489289803
000075F.5,000075F,667001,1498000,831000,*,Autosome,-0.186358395361787
000076F.1,000076F,1,26000,26000,*,Autosome,0.419014592382963
000076F.2,000076F,26001,277500,251500,*,Autosome,-0.266839854681909
000076F.3,000076F,277501,302500,25000,*,Z,0.677139892914653
000076F.4,000076F,302501,886000,583500,*,Autosome,-0.253926509289166
000076F.5,000076F,886001,891000,5000,*,Z,1.8116998230923
000076F.6,000076F,891001,964000,73000,*,Autosome,-0.359366230317581
000076F.7,000076F,964001,1004500,40500,*,Autosome,0.225945965313085
000076F.8,000076F,1004501,1007000,2500,*,W,-3.257683351506
000076F.9,000076F,1007001,1492856,485856,*,Autosome,-0.187272111539116
000039F.1,000039F,1,93000,93000,*,Autosome,0.124576347601156
000039F.2,000039F,93001,165500,72500,*,Autosome,-0.458395486167387
000039F.3,000039F,165501,537500,372000,*,Autosome,0.0519162044606548
000039F.4,000039F,537501,542500,5000,*,Z,1.74299608377102
000039F.5,000039F,542501,586000,43500,*,Autosome,-0.224795803340243
000039F.6,000039F,586001,605000,19000,*,Z,0.966967884991123
000039F.7,000039F,605001,1409500,804500,*,Autosome,-0.192635676961889
000077F.1,000077F,1,925500,925500,*,Autosome,-0.239542141094314
000077F.2,000077F,925501,931000,5500,*,Z,1.58290407548348
000077F.3,000077F,931001,1216000,285000,*,Autosome,-0.164047287759215
000077F.4,000077F,1216001,1220000,4000,*,Z,1.86168672663007
000077F.5,000077F,1220001,1387316,167316,*,Autosome,-0.201008153017453
000078F.1,000078F,1,130000,130000,*,Autosome,-0.148816795351541
000078F.2,000078F,130001,138000,8000,*,Z,1.40414398155099
000078F.3,000078F,138001,283500,145500,*,Autosome,-0.260230352384153
000078F.4,000078F,283501,294500,11000,*,Z,1.02339230057964
000078F.5,000078F,294501,941000,646500,*,Autosome,-0.160596152775951
000078F.6,000078F,941001,956500,15500,*,Z,0.881917625474413
000078F.7,000078F,956501,1360000,403500,*,Autosome,-0.191579528931291
000078F.8,000078F,1360001,1384440,24440,*,Z,0.627565017810397
000079F.1,000079F,1,863000,863000,*,Autosome,-0.180530375225225
000079F.2,000079F,863001,968500,105500,*,Autosome,0.27506924471188
000079F.3,000079F,968501,1095000,126500,*,Autosome,-0.186129512009884
000079F.4,000079F,1095001,1147500,52500,*,Z,0.955298363661972
000079F.5,000079F,1147501,1368500,221000,*,Autosome,0.0496960663318815
000080F.1,000080F,1,317500,317500,*,Autosome,0.104709617261377
000080F.2,000080F,317501,340000,22500,*,Z,1.48546757066071
000080F.3,000080F,340001,421000,81000,*,Autosome,0.0868009756381081
000080F.4,000080F,421001,449000,28000,*,Z,1.14914752499649
000080F.5,000080F,449001,537500,88500,*,Autosome,-0.394419271951303
000080F.6,000080F,537501,607000,69500,*,Autosome,0.457903335703678
000080F.7,000080F,607001,630000,23000,*,W,-1.26950251726668
000080F.8,000080F,630001,660500,30500,*,Autosome,0.296955172464675
000080F.9,000080F,660501,701000,40500,*,Z,1.35056847574184
000080F.10,000080F,701001,726500,25500,*,Z,2.26094179930142
000080F.11,000080F,726501,908000,181500,*,Autosome,0.00837409876493231
000080F.12,000080F,908001,917500,9500,*,Z,1.53145970354311
000080F.13,000080F,917501,955000,37500,*,Autosome,0.320774822811161
000080F.14,000080F,955001,961000,6000,*,Z,2.65130375918057
000080F.15,000080F,961001,996000,35000,*,Autosome,-0.291970442660302
000080F.16,000080F,996001,1013500,17500,*,Z,1.46830237023253
000080F.17,000080F,1013501,1022500,9000,*,Autosome,-0.378139942248372
000080F.18,000080F,1022501,1042500,20000,*,Z,1.00549094343181
000080F.19,000080F,1042501,1073500,31000,*,Autosome,-0.419214727336534
000080F.20,000080F,1073501,1077000,3500,*,W,-3.712416317512
000080F.21,000080F,1077001,1109000,32000,*,W,-1.06382746067829
000080F.22,000080F,1109001,1120500,11500,*,Z,1.40646204811978
000080F.23,000080F,1120501,1130000,9500,*,W,-0.949342738884643
000080F.24,000080F,1130001,1177500,47500,*,Autosome,0.134791370749848
000080F.25,000080F,1177501,1248000,70500,*,Z,0.831266514675105
000080F.26,000080F,1248001,1328000,80000,*,Autosome,-0.139284683841628
000013F.1,000013F,1,113000,113000,*,Autosome,0.085083746794256
000013F.2,000013F,113001,124500,11500,*,Z,1.17031256783162
000013F.3,000013F,124501,458000,333500,*,Autosome,-0.0899408539614552
000013F.4,000013F,458001,461000,3000,*,Z,2.43824692737314
000013F.5,000013F,461001,977000,516000,*,Autosome,-0.157171378680821
000013F.6,000013F,977001,982500,5500,*,Z,2.15297120536304
000013F.7,000013F,982501,1315944,333444,*,Autosome,-0.128001576222648
000081F.1,000081F,1,234000,234000,*,Autosome,0.160744709620807
000081F.2,000081F,234001,255500,21500,*,Z,1.08565067616385
000081F.3,000081F,255501,404500,149000,*,Autosome,0.288201822198063
000081F.4,000081F,404501,415500,11000,*,Z,1.40032689744502
000081F.5,000081F,415501,750000,334500,*,Autosome,0.105774343837702
000081F.6,000081F,750001,753000,3000,*,Z,2.0101146647075
000081F.7,000081F,753001,937000,184000,*,Autosome,-0.089265619756982
000081F.8,000081F,937001,953500,16500,*,Z,1.01337718267404
000081F.9,000081F,953501,1306000,352500,*,Autosome,-0.0860175239187948
000081F.10,000081F,1306001,1310267,4267,*,Z,1.42699323910811
000082F.1,000082F,1,23000,23000,*,Z,2.06100151505692
000082F.2,000082F,23001,49500,26500,*,Autosome,-0.485500582184666
000082F.3,000082F,49501,57000,7500,*,Z,1.53061592708018
000082F.4,000082F,57001,162500,105500,*,Autosome,-0.0331225826812975
000082F.5,000082F,162501,272500,110000,*,Autosome,0.363350030099165
000082F.6,000082F,272501,1058500,786000,*,Autosome,-0.0625937523228204
000082F.7,000082F,1058501,1245000,186500,*,Autosome,0.358942129955129
000082F.8,000082F,1245001,1247500,2500,*,Z,3.52060858651105
000082F.9,000082F,1247501,1262458,14958,*,Z,1.32948764143161
000083F.1,000083F,1,151500,151500,*,Autosome,0.073063527890377
000083F.2,000083F,151501,154000,2500,*,Z,1.9555839820194
000083F.3,000083F,154001,621000,467000,*,Autosome,-0.163431303686393
000083F.4,000083F,621001,627000,6000,*,Z,1.62115831411019
000083F.5,000083F,627001,912500,285500,*,Autosome,-0.306996791989462
000083F.6,000083F,912501,945000,32500,*,Autosome,0.2889201198917
000083F.7,000083F,945001,950000,5000,*,Z,1.96823231295049
000083F.8,000083F,950001,969500,19500,*,W,-0.869434898040815
000083F.9,000083F,969501,1195000,225500,*,Autosome,0.0854229419221498
000084F.1,000084F,1,166500,166500,*,Autosome,-0.0485852986489808
000084F.2,000084F,166501,626500,460000,*,Autosome,-0.337974586960684
000084F.3,000084F,626501,632000,5500,*,Z,1.62062536874557
000084F.4,000084F,632001,1111500,479500,*,Autosome,-0.211278060309449
000084F.5,000084F,1111501,1146000,34500,*,Autosome,0.356372059077526
000085F.1,000085F,1,579000,579000,*,Autosome,-0.21410882249524
000085F.2,000085F,579001,585500,6500,*,Z,1.3789724737753
000085F.3,000085F,585501,778500,193000,*,Autosome,-0.248016279214204
000085F.4,000085F,778501,1097478,318978,*,Autosome,0.0491490960784922
000087F.1,000087F,1,109000,109000,*,Autosome,-0.336021582772129
000087F.2,000087F,109001,114500,5500,*,Z,1.54111011837499
000087F.3,000087F,114501,741500,627000,*,Autosome,-0.15352717874141
000087F.4,000087F,741501,744000,2500,*,Z,2.1411629582855
000087F.5,000087F,744001,1030000,286000,*,Autosome,-0.297819141494625
000088F.1,000088F,1,17000,17000,*,Z,0.616565915652912
000088F.2,000088F,17001,29000,12000,*,Autosome,-0.428636286901882
000088F.3,000088F,29001,48000,19000,*,Z,1.00158390578705
000088F.4,000088F,48001,994500,946500,*,Autosome,-0.109201815906738
000088F.5,000088F,994501,1029500,35000,*,Z,0.697802802058978
000089F.1,000089F,1,354500,354500,*,Autosome,0.0504311584927186
000089F.2,000089F,354501,420000,65500,*,Autosome,0.53405630634824
000089F.3,000089F,420001,947000,527000,*,Autosome,-0.00779856528835201
000089F.4,000089F,947001,956000,9000,*,W,-1.6124474288659
000089F.5,000089F,956001,1016898,60898,*,Autosome,0.193925424455795
000090F.1,000090F,1,69000,69000,*,Autosome,-0.0442148431038336
000090F.2,000090F,69001,75500,6500,*,Z,1.64406407549613
000090F.3,000090F,75501,312000,236500,*,Autosome,-0.158077993138389
000090F.4,000090F,312001,327500,15500,*,W,-1.19694265187194
000090F.5,000090F,327501,1013500,686000,*,Autosome,-0.103761457894326
000091F.1,000091F,1,58000,58000,*,Autosome,-0.00336884030985684
000091F.2,000091F,58001,89500,31500,*,Z,1.06121747894665
000091F.3,000091F,89501,150500,61000,*,Autosome,0.14603034641267
000091F.4,000091F,150501,158500,8000,*,W,-1.44298198712272
000091F.5,000091F,158501,172000,13500,*,Z,1.05294936705792
000091F.6,000091F,172001,312000,140000,*,Autosome,0.0649985775615984
000091F.7,000091F,312001,504500,192500,*,Autosome,-0.253527285754229
000091F.8,000091F,504501,508000,3500,*,Z,2.11750506457692
000091F.9,000091F,508001,866500,358500,*,Autosome,-0.213570315690956
000091F.10,000091F,866501,987500,121000,*,Autosome,0.0993637232973655
000092R.1,000092R,1,28500,28500,*,Z,0.793200252196354
000092R.2,000092R,28501,324500,296000,*,Autosome,-0.0566881401687908
000092R.3,000092R,324501,331500,7000,*,Z,1.1469144789906
000092R.4,000092R,331501,973000,641500,*,Autosome,-0.252441266124934
000093F.1,000093F,1,457000,457000,*,Autosome,-0.0473933921753978
000093F.2,000093F,457001,462500,5500,*,W,-2.40180819817604
000093F.3,000093F,462501,534500,72000,*,Autosome,-0.161287810727475
000093F.4,000093F,534501,587500,53000,*,Z,1.15413116316008
000093F.5,000093F,587501,965500,378000,*,Autosome,-0.0669182271099907
000073F.1,000073F,1,13000,13000,*,Z,0.951093832528361
000073F.2,000073F,13001,147000,134000,*,Autosome,-0.0570178295296617
000073F.3,000073F,147001,152500,5500,*,Z,1.4991932093549
000073F.4,000073F,152501,253000,100500,*,Autosome,-0.194809453716743
000073F.5,000073F,253001,278000,25000,*,Z,0.668656996961952
000073F.6,000073F,278001,843000,565000,*,Autosome,-0.158236988214572
000073F.7,000073F,843001,848500,5500,*,Z,1.56859005887175
000073F.8,000073F,848501,965500,117000,*,Autosome,-0.319606616693896
000094F.1,000094F,1,540000,540000,*,Autosome,-0.209326863047852
000094F.2,000094F,540001,546000,6000,*,Z,1.31230129638444
000094F.3,000094F,546001,924500,378500,*,Autosome,-0.358188338939338
000094F.4,000094F,924501,951493,26993,*,Autosome,0.30684442091835
000095F.1,000095F,1,21500,21500,*,Z,0.79538428934346
000095F.2,000095F,21501,31500,10000,*,W,-0.880057242020468
000095F.3,000095F,31501,127000,95500,*,Autosome,0.576270669405356
000095F.4,000095F,127001,146000,19000,*,Z,1.44726168092983
000095F.5,000095F,146001,602500,456500,*,Autosome,0.347815639682107
000095F.6,000095F,602501,664000,61500,*,Z,0.792560074352542
000095F.7,000095F,664001,937374,273374,*,Autosome,0.191670407358582
000096F.1,000096F,1,160000,160000,*,Autosome,-0.0844063902726495
000096F.2,000096F,160001,164000,4000,*,Z,2.09559490082241
000096F.3,000096F,164001,248500,84500,*,Autosome,-0.557988844412552
000096F.4,000096F,248501,933500,685000,*,Autosome,-0.144486163939214
000098F.1,000098F,1,166500,166500,*,Autosome,0.292967723355849
000098F.2,000098F,166501,179500,13000,*,Z,1.43318148385083
000098F.3,000098F,179501,366500,187000,*,Autosome,0.0707854590443598
000098F.4,000098F,366501,400500,34000,*,Z,0.762123862098652
000098F.5,000098F,400501,440500,40000,*,W,-0.621080484497226
000098F.6,000098F,440501,599000,158500,*,Autosome,0.449112073712181
000098F.7,000098F,599001,617000,18000,*,Autosome,-0.532541974132012
000098F.8,000098F,617001,624000,7000,*,Z,1.44665824447881
000098F.9,000098F,624001,794000,170000,*,Autosome,0.0773664042798766
000098F.10,000098F,794001,847000,53000,*,Autosome,-0.399199429416933
000098F.11,000098F,847001,884000,37000,*,Autosome,0.538305513605722
000099F.1,000099F,1,200500,200500,*,Autosome,-0.164399715732123
000099F.2,000099F,200501,305000,104500,*,Autosome,0.500102059734464
000099F.3,000099F,305001,883000,578000,*,Autosome,0.07043524880045
000101F.1,000101F,1,8500,8500,*,Z,0.89505061860644
000101F.2,000101F,8501,842000,833500,*,Autosome,-0.151872346107887
000102F.1,000102F,1,6500,6500,*,W,-1.15556401644287
000102F.2,000102F,6501,190000,183500,*,Autosome,0.559908679877315
000102F.3,000102F,190001,625000,435000,*,Autosome,0.206021309319342
000102F.4,000102F,625001,774000,149000,*,Autosome,-0.168915177226898
000032F.1,000032F,1,181500,181500,*,Autosome,0.301536805976161
000032F.2,000032F,181501,193500,12000,*,Z,1.5450358329044
000032F.3,000032F,193501,207500,14000,*,Autosome,0.216058936899256
000032F.4,000032F,207501,228500,21000,*,Z,1.47940494981754
000032F.5,000032F,228501,368500,140000,*,Z,0.618173239853549
000032F.6,000032F,368501,719500,351000,*,Autosome,0.229430606251618
000032F.7,000032F,719501,723000,3500,*,W,-2.63576650435364
000032F.8,000032F,723001,745000,22000,*,Autosome,0.549617038526479
000104F.1,000104F,1,183500,183500,*,Autosome,-0.23024919193938
000104F.2,000104F,183501,539500,356000,*,Autosome,0.040364093870725
000104F.3,000104F,539501,544500,5000,*,Z,2.25493702612394
000104F.4,000104F,544501,739500,195000,*,Autosome,0.0617553409972436
000105F.1,000105F,1,8000,8000,*,Z,1.84237737981719
000105F.2,000105F,8001,677320,669320,*,Autosome,-0.17768353314882
000106F.1,000106F,1,2500,2500,*,Z,1.30856290661943
000106F.2,000106F,2501,9000,6500,*,W,-0.875546005506643
000106F.3,000106F,9001,15000,6000,*,Z,1.59078987801415
000106F.4,000106F,15001,647000,632000,*,Autosome,-0.179609357297255
000107F.1,000107F,1,215000,215000,*,Autosome,-0.154289573791107
000107F.2,000107F,215001,229500,14500,*,Z,1.34960033826054
000107F.3,000107F,229501,359000,129500,*,Autosome,-0.337512631261553
000107F.4,000107F,359001,364500,5500,*,Z,1.33752939108426
000107F.5,000107F,364501,644483,279983,*,Autosome,-0.243157281089537
000110F.1,000110F,1,361000,361000,*,Autosome,-0.241391728611873
000110F.2,000110F,361001,391000,30000,*,W,-1.16469617050355
000110F.3,000110F,391001,539000,148000,*,Autosome,-0.2163628834152
000110F.4,000110F,539001,562990,23990,*,Autosome,0.492418708611237
000109F.1,000109F,1,10500,10500,*,Z,0.934725371697926
000109F.2,000109F,10501,15500,5000,*,W,-1.09773662849986
000109F.3,000109F,15501,320000,304500,*,Autosome,0.222200467952475
000109F.4,000109F,320001,348000,28000,*,W,-0.905047213468923
000109F.5,000109F,348001,559000,211000,*,Autosome,0.26689184066061
000111F.1,000111F,1,127000,127000,*,Autosome,-0.264830291522553
000111F.2,000111F,127001,132500,5500,*,Z,1.67077397597464
000111F.3,000111F,132501,462000,329500,*,Autosome,-0.195090799145099
000111F.4,000111F,462001,467000,5000,*,W,-2.12460740367676
000111F.5,000111F,467001,558000,91000,*,Autosome,-0.287660135827593
000112F.1,000112F,1,109500,109500,*,Autosome,0.305243687412897
000112F.2,000112F,109501,337000,227500,*,Autosome,-0.00293745658806765
000112F.3,000112F,337001,541489,204489,*,Autosome,0.410352551569554
000113F.1,000113F,1,202500,202500,*,Autosome,-0.18299216860972
000113F.2,000113F,202501,208500,6000,*,Z,1.3459283341666
000113F.3,000113F,208501,356000,147500,*,Autosome,-0.309323731238387
000113F.4,000113F,356001,382000,26000,*,Z,0.784706143827106
000113F.5,000113F,382001,535479,153479,*,Autosome,-0.072874036710961
000114F.1,000114F,1,76500,76500,*,Autosome,-0.501998694772547
000114F.2,000114F,76501,82500,6000,*,Z,2.144879700822
000114F.3,000114F,82501,245500,163000,*,Autosome,-0.273073561576885
000114F.4,000114F,245501,269000,23500,*,Z,1.17649889072716
000114F.5,000114F,269001,310000,41000,*,W,-0.652223721186984
000114F.6,000114F,310001,315000,5000,*,Z,1.35519225354315
000114F.7,000114F,315001,495877,180877,*,Autosome,-0.208681394050071
000115F.1,000115F,1,178500,178500,*,Autosome,0.0628801719591904
000115F.2,000115F,178501,317000,138500,*,Autosome,-0.281355486406413
000115F.3,000115F,317001,327000,10000,*,W,-1.2957555340272
000115F.4,000115F,327001,434000,107000,*,Autosome,-0.0253651544914756
000116F.1,000116F,1,56000,56000,*,W,-2.88141869681732
000116F.2,000116F,56001,100500,44500,*,W,-4.47308984471275
000116F.3,000116F,100501,151500,51000,*,W,-2.06998317327429
000116F.4,000116F,151501,173000,21500,*,Z,0.826442504440642
000116F.5,000116F,173001,205000,32000,*,W,-1.56559088609367
000116F.6,000116F,205001,212000,7000,*,Z,1.333106659912
000116F.7,000116F,212001,253000,41000,*,W,-0.665440926247438
000116F.8,000116F,253001,362500,109500,*,W,-4.54128423774953
000116F.9,000116F,362501,372000,9500,*,Z,1.18104548913556
000116F.10,000116F,372001,399500,27500,*,W,-1.26337979153446
000116F.11,000116F,399501,418441,18941,*,Autosome,0.240582230546102
000117F.1,000117F,1,132500,132500,*,Autosome,0.0247152436037887
000117F.2,000117F,132501,139500,7000,*,W,-1.70197669556071
000117F.3,000117F,139501,173500,34000,*,Z,0.637072962958193
000117F.4,000117F,173501,408818,235318,*,Autosome,0.00591620573513311
000118F.1,000118F,1,14000,14000,*,Z,1.0461847038164
000118F.2,000118F,14001,19500,5500,*,Z,2.62220260903625
000118F.3,000118F,19501,68000,48500,*,Z,0.955028865648054
000118F.4,000118F,68001,408500,340500,*,Autosome,-0.0325988497876426
000119F.1,000119F,1,314500,314500,*,Autosome,0.279618046766309
000119F.2,000119F,314501,340000,25500,*,Autosome,-0.304574737580925
000119F.3,000119F,340001,374500,34500,*,Z,0.841243864531824
000120F.1,000120F,1,10500,10500,*,W,-0.685671124397049
000120F.2,000120F,10501,77500,67000,*,W,-1.86509342715346
000120F.3,000120F,77501,80500,3000,*,Z,0.977279413563167
000120F.4,000120F,80501,122500,42000,*,W,-2.33436317605928
000120F.5,000120F,122501,196000,73500,*,Autosome,-0.3164291416544
000120F.6,000120F,196001,212000,16000,*,W,-2.47214777390269
000120F.7,000120F,212001,237500,25500,*,Autosome,0.122926595809578
000120F.8,000120F,237501,305500,68000,*,W,-0.792237363935281
000122F.1,000122F,1,22500,22500,*,Autosome,0.340119750208752
000122F.2,000122F,22501,29500,7000,*,W,-1.0606718815598
000122F.3,000122F,29501,32000,2500,*,Z,1.95073287190262
000122F.4,000122F,32001,38500,6500,*,W,-1.437141309339
000122F.5,000122F,38501,291500,253000,*,Autosome,-0.26263305727076
000124F.1,000124F,1,38500,38500,*,W,-0.829299482512066
000124F.2,000124F,38501,46000,7500,*,Z,0.818724290430237
000124F.3,000124F,46001,68500,22500,*,W,-3.83195854664484
000124F.4,000124F,68501,74000,5500,*,Z,1.91478399861761
000124F.5,000124F,74001,100000,26000,*,Autosome,0.288214689932737
000124F.6,000124F,100001,111500,11500,*,W,-1.65099991771851
000124F.7,000124F,111501,166000,54500,*,Z,0.870346825419094
000124F.8,000124F,166001,176500,10500,*,W,-2.54535187090351
000124F.9,000124F,176501,199000,22500,*,Z,0.627849024741108
000124F.10,000124F,199001,214000,15000,*,W,-1.60276560062691
000124F.11,000124F,214001,275000,61000,*,Autosome,0.499794545428478
000126F.1,000126F,1,37000,37000,*,Autosome,0.433290913199046
000126F.2,000126F,37001,42500,5500,*,W,-1.7263924034576
000126F.3,000126F,42501,58000,15500,*,Autosome,0.38088311455477
000126F.4,000126F,58001,62500,4500,*,W,-3.22303335816664
000126F.5,000126F,62501,71500,9000,*,Autosome,-0.227166642666246
000126F.6,000126F,71501,89500,18000,*,W,-1.62275124464052
000126F.7,000126F,89501,97500,8000,*,W,-2.83787591543263
000126F.8,000126F,97501,103500,6000,*,Autosome,0.382795598439737
000126F.9,000126F,103501,179000,75500,*,W,-2.07744369217282
000126F.10,000126F,179001,184500,5500,*,Z,1.07592234807109
000126F.11,000126F,184501,209500,25000,*,W,-1.54543570770659
000126F.12,000126F,209501,215000,5500,*,Autosome,0.118105121937977
000126F.13,000126F,215001,224000,9000,*,W,-1.61515489773101
000125F.1,000125F,1,66000,66000,*,Z,0.776713513841339
000125F.2,000125F,66001,210000,144000,*,Autosome,0.279952957416117
000125F.3,000125F,210001,214000,4000,*,Z,2.17011261027172
000125F.4,000125F,214001,235500,21500,*,Z,0.6195027301395
000127F.1,000127F,1,20000,20000,*,Autosome,-0.346050682635772
000127F.2,000127F,20001,22500,2500,*,Z,2.59285114271721
000127F.3,000127F,22501,228279,205779,*,Autosome,-0.0377204241804448
000128F.1,000128F,1,37500,37500,*,W,-0.961673147316909
000128F.2,000128F,37501,45000,7500,*,W,-4.6228902790541
000128F.3,000128F,45001,65500,20500,*,Autosome,-0.0922591760713835
000128F.4,000128F,65501,73000,7500,*,W,-4.03868457362435
000128F.5,000128F,73001,89000,16000,*,Autosome,0.470430838796835
000128F.6,000128F,89001,112500,23500,*,W,-1.26786537611361
000128F.7,000128F,112501,116500,4000,*,W,-4.58828007237422
000128F.8,000128F,116501,119500,3000,*,W,-0.939416180661694
000128F.9,000128F,119501,125000,5500,*,W,-3.87985662478335
000128F.10,000128F,125001,129500,4500,*,W,-2.12145686438148
000128F.11,000128F,129501,145500,16000,*,Autosome,-0.325406699205428
000128F.12,000128F,145501,181500,36000,*,Z,0.759893679086801
000128F.13,000128F,181501,198500,17000,*,W,-1.89611352287546
000086F.1,000086F,1,2500,2500,*,Z,1.51594058620555
000086F.2,000086F,2501,9500,7000,*,Autosome,-0.164943550479313
000086F.3,000086F,9501,22000,12500,*,Z,1.94966396308623
000086F.4,000086F,22001,27500,5500,*,Autosome,0.502520635854043
000086F.5,000086F,27501,38000,10500,*,Z,2.67835354118607
000086F.6,000086F,38001,81500,43500,*,Z,0.954257584428842
000086F.7,000086F,81501,191235,109735,*,Autosome,-0.0416529292436976
000129F.1,000129F,1,3500,3500,*,Autosome,-0.514473825894984
000129F.2,000129F,3501,8000,4500,*,W,-3.30694518915666
000129F.3,000129F,8001,81000,73000,*,W,-0.719698367876847
000129F.4,000129F,81001,101000,20000,*,Z,0.648814627485814
000129F.5,000129F,101001,189500,88500,*,Autosome,-0.0794245780231411
000130F.1,000130F,1,14000,14000,*,W,-2.47248310580432
000130F.2,000130F,14001,40500,26500,*,Autosome,-0.0350293535686492
000130F.3,000130F,40501,47000,6500,*,W,-4.70739004355468
000130F.4,000130F,47001,52500,5500,*,Autosome,-0.301847189154827
000130F.5,000130F,52501,90000,37500,*,W,-3.76715640960731
000130F.6,000130F,90001,93500,3500,*,Autosome,-0.051971283910494
000130F.7,000130F,93501,98500,5000,*,W,-3.42163801767304
000130F.8,000130F,98501,103000,4500,*,Z,1.06031983320957
000130F.9,000130F,103001,118000,15000,*,W,-1.29296348748568
000130F.10,000130F,118001,149000,31000,*,Autosome,-0.0677311383075075
210.1,210,1,113000,113000,*,Z,1.28576185318681
210.2,210,113001,122000,9000,*,Autosome,-0.0905216116389976
210.3,210,122001,145500,23500,*,Z,1.47418295424331
000131F.1,000131F,1,11000,11000,*,Z,0.642514495895289
000131F.2,000131F,11001,38500,27500,*,Autosome,-0.496647632520532
000131F.3,000131F,38501,55000,16500,*,Z,1.45015839523942
000131F.4,000131F,55001,144000,89000,*,Autosome,-0.122016638843389
000100F.1,000100F,1,36000,36000,*,Autosome,0.552799312257703
000100F.2,000100F,36001,113500,77500,*,Autosome,-0.196519425086466
000100F.3,000100F,113501,134470,20970,*,Autosome,0.482443317542778
000132F.1,000132F,1,50500,50500,*,Autosome,0.02892220709085
000132F.2,000132F,50501,54500,4000,*,Z,1.82234881078344
000132F.3,000132F,54501,133000,78500,*,Autosome,0.269640061926978
000134F.1,000134F,1,44000,44000,*,Autosome,0.566942255280208
000134F.2,000134F,44001,62000,18000,*,W,-1.75287068866845
000134F.3,000134F,62001,68500,6500,*,W,-5.87371855496816
000134F.4,000134F,68501,83500,15000,*,Autosome,0.348388395196045
000134F.5,000134F,83501,89000,5500,*,W,-2.16932426244249
000134F.6,000134F,89001,94000,5000,*,Autosome,-0.182958735964779
000134F.7,000134F,94001,104000,10000,*,W,-4.30073560371666
000136F.1,000136F,1,14500,14500,*,W,-1.90173677499122
000136F.2,000136F,14501,41500,27000,*,W,-0.588480753543264
000138F.1,000138F,1,34000,34000,*,Autosome,-0.0210612435268117
000138F.2,000138F,34001,84500,50500,*,W,-1.15504946271268
000137F.1,000137F,1,6000,6000,*,Z,1.31953969201354
000137F.2,000137F,6001,20500,14500,*,W,-3.78755432949742
000137F.3,000137F,20501,39500,19000,*,W,-1.44356852792608
000137F.4,000137F,39501,42500,3000,*,Z,0.848523267527608
000137F.5,000137F,42501,58000,15500,*,W,-3.73749548095915
000137F.6,000137F,58001,89000,31000,*,W,-1.90739922012875
000139F.1,000139F,1,17000,17000,*,W,-1.50031297500136
000139F.2,000139F,17001,40000,23000,*,W,-5.03095733817615
000139F.3,000139F,40001,62500,22500,*,W,-3.1409249207267
000140F.1,000140F,1,13500,13500,*,W,-3.85153351325334
000140F.2,000140F,13501,45000,31500,*,Autosome,-0.409136368272145
000140F.3,000140F,45001,51500,6500,*,W,-4.15266989419812
000140F.4,000140F,51501,67000,15500,*,Autosome,0.33228362930922
000140F.5,000140F,67001,77000,10000,*,Z,1.63169120223168
000141F.1,000141F,1,8500,8500,*,W,-2.68796561403853
000141F.2,000141F,8501,14500,6000,*,W,-4.58069622186763
000141F.3,000141F,14501,33000,18500,*,W,-1.69452426247443
000141F.4,000141F,33001,37500,4500,*,Autosome,0.182078796156379
000141F.5,000141F,37501,55000,17500,*,W,-8.81169956869909
000141F.6,000141F,55001,74000,19000,*,Autosome,0.0692246957958401
000142F.1,000142F,1,10500,10500,*,Z,1.07853029740002
000142F.2,000142F,10501,46500,36000,*,W,-5.82522521038658
000142F.3,000142F,46501,65500,19000,*,W,-3.21368079060592
000143F.1,000143F,1,3500,3500,*,Autosome,-0.39858315040725
000143F.2,000143F,3501,10000,6500,*,Z,2.44180772929283
000143F.3,000143F,10001,12500,2500,*,Autosome,-0.223743229813659
000143F.4,000143F,12501,15000,2500,*,Z,2.10801056798793
000143F.5,000143F,15001,17500,2500,*,Autosome,-0.381804019167075
000143F.6,000143F,17501,24000,6500,*,Z,3.00783500359935
000143F.7,000143F,24001,27000,3000,*,Autosome,-0.10989380589115
000143F.8,000143F,27001,60000,33000,*,Z,2.03917249518446
000144F.1,000144F,1,2000,2000,*,W,-3.70856553724267
000144F.2,000144F,2001,33000,31000,*,W,-5.4590672930222
000144F.3,000144F,33001,58000,25000,*,Z,0.591195415341573
000145F.1,000145F,1,8500,8500,*,W,-2.77258451240539
000145F.2,000145F,8501,19000,10500,*,Autosome,-0.115099496089949
000145F.3,000145F,19001,33500,14500,*,W,-1.65512093347859
000145F.4,000145F,33501,39000,5500,*,Autosome,0.491529926501971
000145F.5,000145F,39001,43000,4000,*,W,-2.10971051146731
000145F.6,000145F,43001,57000,14000,*,Autosome,-0.291908365200319
000146F.1,000146F,1,43500,43500,*,Autosome,0.252162478609407
000146F.2,000146F,43501,56983,13483,*,Z,1.01937530147942
000147F.1,000147F,1,13500,13500,*,Z,1.39943101988725
000147F.2,000147F,13501,20000,6500,*,Autosome,0.0825708644749116
000147F.3,000147F,20001,26000,6000,*,Z,1.6474269997532
000147F.4,000147F,26001,49500,23500,*,Autosome,0.0915366249082816
000150F.1,000150F,1,28500,28500,*,W,-0.758414193484092
000150F.2,000150F,28501,32000,3500,*,W,-2.64357065466694
000150F.3,000150F,32001,39500,7500,*,W,-4.46766893395602
000150F.4,000150F,39501,46000,6500,*,W,-1.81853608681323
000148F.1,000148F,1,2000,2000,*,W,-1.43972522030011
000148F.2,000148F,2001,40000,38000,*,Z,1.02518897833807
000148F.3,000148F,40001,45500,5500,*,Autosome,-0.304523380904547
000149F.1,000149F,1,13000,13000,*,W,-2.29118616702073
000149F.2,000149F,13001,35000,22000,*,W,-4.49886041237077
000149F.3,000149F,35001,40000,5000,*,W,-2.06253033005407
000149F.4,000149F,40001,44500,4500,*,W,-5.32751557188842
000154F.1,000154F,1,27000,27000,*,Z,0.784666407708664
000154F.2,000154F,27001,29500,2500,*,Z,2.40340080765147
000154F.3,000154F,29501,36500,7000,*,Autosome,-0.285302413398702
000154F.4,000154F,36501,39000,2500,*,W,-1.95501090153512
000154F.5,000154F,39001,44500,5500,*,Z,1.0966433259553
000151F.1,000151F,1,6000,6000,*,Z,0.793043812824666
000151F.2,000151F,6001,33000,27000,*,W,-1.41621626348644
000151F.3,000151F,33001,41000,8000,*,Z,0.612420398348373
000152F.1,000152F,1,31000,31000,*,W,-1.88765018893343
000152F.2,000152F,31001,34000,3000,*,Autosome,-0.545895066523344
000152F.3,000152F,34001,41000,7000,*,W,-3.28398154580103
000158F.1,000158F,1,28500,28500,*,W,-1.66306773671087
000158F.2,000158F,28501,33500,5000,*,W,-3.25743262080393
000158F.3,000158F,33501,37366,3866,*,W,-1.05616922435814
000155F.1,000155F,1,9500,9500,*,W,-0.718206842004795
000155F.2,000155F,9501,36500,27000,*,Autosome,0.443932740488839
000159F.1,000159F,1,22000,22000,*,W,-1.27554010606347
000159F.2,000159F,22001,34000,12000,*,W,-3.92385844399378
000161F.1,000161F,1,18000,18000,*,W,-3.22665172310373
000161F.2,000161F,18001,23500,5500,*,W,-1.45531873790478
000156F.1,000156F,1,12000,12000,*,W,-4.62247645282947
000156F.2,000156F,12001,21500,9500,*,W,-1.4531947115123
000156F.3,000156F,21501,32806,11306,*,W,-3.53084943491248
000160F.1,000160F,1,4500,4500,*,W,-2.51531066612585
000160F.2,000160F,4501,26000,21500,*,W,-5.04963721837587
000160F.3,000160F,26001,30989,4989,*,W,-1.7369505798593
000162F.1,000162F,1,7500,7500,*,Z,1.57896219911069
000162F.2,000162F,7501,14000,6500,*,Autosome,-0.153156662331399
000162F.3,000162F,14001,30000,16000,*,Z,1.22708177961596
000165F.1,000165F,1,10500,10500,*,Z,0.638662790345394
000165F.2,000165F,10501,22000,11500,*,W,-2.82795082031894
000167F.1,000167F,1,8000,8000,*,W,-4.55441787662903
000167F.2,000167F,8001,11500,3500,*,W,-2.75400086087459
000167F.3,000167F,11501,14000,2500,*,W,-0.850670938104343
000167F.4,000167F,14001,28500,14500,*,W,-5.54420695856905
000170F.1,000170F,1,2000,2000,*,W,-5.15380642165571
000170F.2,000170F,2001,6000,4000,*,W,-2.74921684959619
000170F.3,000170F,6001,11500,5500,*,W,-4.30893614884235
000170F.4,000170F,11501,25500,14000,*,W,-6.23760028631685
000164F.1,000164F,1,7000,7000,*,Z,1.69370241176141
000164F.2,000164F,7001,15000,8000,*,Autosome,0.343750591367056
000164F.3,000164F,15001,22000,7000,*,Z,2.08532948962828
000164F.4,000164F,22001,25500,3500,*,Autosome,0.499635146466831
000166F.1,000166F,1,13000,13000,*,Autosome,-0.140179845567113
000166F.2,000166F,13001,17500,4500,*,Z,1.41288185334657
000166F.3,000166F,17501,25000,7500,*,W,-0.689889949874983
000169F.1,000169F,1,9000,9000,*,W,-2.11884360876937
000169F.2,000169F,9001,19500,10500,*,Autosome,-0.150674637690079
000183F.1,000183F,1,15000,15000,*,Z,1.19154869558987
000183F.2,000183F,15001,20500,5500,*,Autosome,0.185960100429932
000183F.3,000183F,20501,23490,2990,*,W,-1.46929049155474
000178F.1,000178F,1,3500,3500,*,W,-2.47181034365866
000178F.2,000178F,3501,6500,3000,*,W,-4.638483851847
000178F.3,000178F,6501,10500,4000,*,W,-3.09899921131708
000181F.1,000181F,1,11500,11500,*,W,-5.21749237339024
000181F.2,000181F,11501,22000,10500,*,W,-2.39599318278693
000180F.1,000180F,1,3000,3000,*,Autosome,0.279167462910251
000180F.2,000180F,3001,21500,18500,*,Z,1.5552581419946
000186F.1,000186F,1,14000,14000,*,Autosome,-0.430556892223995
000186F.2,000186F,14001,19500,5500,*,Z,0.711813755179124
000197F.1,000197F,1,6000,6000,*,Autosome,0.45491019839886
000197F.2,000197F,6001,18500,12500,*,W,-0.88041309188717
000189F.1,000189F,1,2500,2500,*,W,-4.45934187342974
000189F.2,000189F,2501,9000,6500,*,W,-0.812061347864795
000195F.1,000195F,1,10500,10500,*,W,-1.93910604381861
000195F.2,000195F,10501,16000,5500,*,Autosome,0.0370469615150151
000192F.1,000192F,1,5000,5000,*,Z,1.31639227392645
000192F.2,000192F,5001,7500,2500,*,W,-0.99988951334295
000192F.3,000192F,7501,16000,8500,*,Z,1.19099627212798
000202F.1,000202F,1,5500,5500,*,Z,1.40550350520913
000202F.2,000202F,5501,13979,8479,*,Autosome,0.329351968871549
216.1,216,1,5000,5000,*,Z,1.54726431899629
216.2,216,5001,9500,4500,*,Autosome,0.3451688145803
